date,datetime,metric,value,source
2017-09-08,2017-09-08 23:32:56 +0900,bmi,23.8,PICOOC
2017-09-08,2017-09-08 23:32:56 +0900,body_fat_pct,32.3,PICOOC
2017-09-08,2017-09-08 23:32:56 +0900,body_mass_kg,66.4,PICOOC
2017-09-08,2017-09-08 23:32:56 +0900,lean_body_mass_kg,45.0,PICOOC
2018-07-21,2018-07-21 11:46:58 +0900,bmi,21.86,InBody
2018-07-21,2018-07-21 11:46:58 +0900,body_fat_pct,27.6,InBody
2018-07-21,2018-07-21 11:46:58 +0900,body_mass_kg,61.7,InBody
2018-07-21,2018-07-21 11:46:58 +0900,lean_body_mass_kg,44.7,InBody
2019-01-29,2019-01-29 20:53:36 +0900,bmi,23.5,PICOOC
2019-01-29,2019-01-29 20:53:36 +0900,body_fat_pct,32.5,PICOOC
2019-01-29,2019-01-29 20:53:36 +0900,body_mass_kg,66.2,PICOOC
2019-01-29,2019-01-29 20:53:36 +0900,lean_body_mass_kg,44.7,PICOOC
2019-01-29,2019-01-29 20:58:22 +0900,bmi,23.1,PICOOC
2019-01-29,2019-01-29 20:58:22 +0900,body_fat_pct,31.8,PICOOC
2019-01-29,2019-01-29 20:58:22 +0900,body_mass_kg,65.2,PICOOC
2019-01-29,2019-01-29 20:58:22 +0900,lean_body_mass_kg,44.5,PICOOC
2019-01-29,2019-01-29 20:59:41 +0900,bmi,23.1,PICOOC
2019-01-29,2019-01-29 20:59:41 +0900,body_fat_pct,31.8,PICOOC
2019-01-29,2019-01-29 20:59:41 +0900,body_mass_kg,65.2,PICOOC
2019-01-29,2019-01-29 20:59:41 +0900,lean_body_mass_kg,44.5,PICOOC
2019-01-30,2019-01-30 09:22:53 +0900,bmi,23.0,PICOOC
2019-01-30,2019-01-30 09:22:53 +0900,body_fat_pct,32.5,PICOOC
2019-01-30,2019-01-30 09:22:53 +0900,body_mass_kg,64.8,PICOOC
2019-01-30,2019-01-30 09:22:53 +0900,lean_body_mass_kg,43.7,PICOOC
2019-01-31,2019-01-31 17:16:03 +0900,bmi,23.1,PICOOC
2019-01-31,2019-01-31 17:16:03 +0900,body_fat_pct,31.3,PICOOC
2019-01-31,2019-01-31 17:16:03 +0900,body_mass_kg,65.2,PICOOC
2019-01-31,2019-01-31 17:16:03 +0900,lean_body_mass_kg,44.8,PICOOC
2019-02-03,2019-02-03 01:40:44 +0900,bmi,23.1,PICOOC
2019-02-03,2019-02-03 01:40:44 +0900,body_fat_pct,32.2,PICOOC
2019-02-03,2019-02-03 01:40:44 +0900,body_mass_kg,65.1,PICOOC
2019-02-03,2019-02-03 01:40:44 +0900,lean_body_mass_kg,44.1,PICOOC
2019-02-03,2019-02-03 10:14:18 +0900,bmi,23.0,PICOOC
2019-02-03,2019-02-03 10:14:18 +0900,body_fat_pct,32.1,PICOOC
2019-02-03,2019-02-03 10:14:18 +0900,body_mass_kg,65.0,PICOOC
2019-02-03,2019-02-03 10:14:18 +0900,lean_body_mass_kg,44.1,PICOOC
2019-02-04,2019-02-04 09:17:25 +0900,bmi,22.8,PICOOC
2019-02-04,2019-02-04 09:17:25 +0900,body_fat_pct,33.5,PICOOC
2019-02-04,2019-02-04 09:17:25 +0900,body_mass_kg,64.3,PICOOC
2019-02-04,2019-02-04 09:17:25 +0900,lean_body_mass_kg,42.8,PICOOC
2019-02-06,2019-02-06 22:29:35 +0900,bmi,22.9,PICOOC
2019-02-06,2019-02-06 22:29:35 +0900,body_fat_pct,33.8,PICOOC
2019-02-06,2019-02-06 22:29:35 +0900,body_mass_kg,64.6,PICOOC
2019-02-06,2019-02-06 22:29:35 +0900,lean_body_mass_kg,42.8,PICOOC
2019-02-09,2019-02-09 11:12:45 +0900,bmi,22.6,PICOOC
2019-02-09,2019-02-09 11:12:45 +0900,body_fat_pct,33.2,PICOOC
2019-02-09,2019-02-09 11:12:45 +0900,body_mass_kg,63.8,PICOOC
2019-02-09,2019-02-09 11:12:45 +0900,lean_body_mass_kg,42.6,PICOOC
2019-02-19,2019-02-19 09:06:38 +0900,bmi,22.7,PICOOC
2019-02-19,2019-02-19 09:06:38 +0900,body_fat_pct,32.5,PICOOC
2019-02-19,2019-02-19 09:06:38 +0900,body_mass_kg,64.2,PICOOC
2019-02-19,2019-02-19 09:06:38 +0900,lean_body_mass_kg,43.3,PICOOC
2019-03-31,2019-03-31 14:01:13 +0900,bmi,22.6,PICOOC
2019-03-31,2019-03-31 14:01:13 +0900,body_fat_pct,34.7,PICOOC
2019-03-31,2019-03-31 14:01:13 +0900,body_mass_kg,63.9,PICOOC
2019-03-31,2019-03-31 14:01:13 +0900,lean_body_mass_kg,41.7,PICOOC
2019-05-11,2019-05-11 09:16:44 +0900,bmi,22.6,PICOOC
2019-05-11,2019-05-11 09:16:44 +0900,body_fat_pct,31.7,PICOOC
2019-05-11,2019-05-11 09:16:44 +0900,body_mass_kg,63.7,PICOOC
2019-05-11,2019-05-11 09:16:44 +0900,lean_body_mass_kg,43.5,PICOOC
2019-06-06,2019-06-06 12:38:59 +0900,bmi,22.6,PICOOC
2019-06-06,2019-06-06 12:38:59 +0900,body_fat_pct,32.3,PICOOC
2019-06-06,2019-06-06 12:38:59 +0900,body_mass_kg,63.9,PICOOC
2019-06-06,2019-06-06 12:38:59 +0900,lean_body_mass_kg,43.3,PICOOC
2019-06-17,2019-06-17 10:38:50 +0900,bmi,22.6,PICOOC
2019-06-17,2019-06-17 10:38:50 +0900,body_fat_pct,31.2,PICOOC
2019-06-17,2019-06-17 10:38:50 +0900,body_mass_kg,63.7,PICOOC
2019-06-17,2019-06-17 10:38:50 +0900,lean_body_mass_kg,43.8,PICOOC
2020-04-04,2020-04-04 16:41:08 +0900,bmi,23.1,PICOOC
2020-04-04,2020-04-04 16:41:08 +0900,body_fat_pct,34.7,PICOOC
2020-04-04,2020-04-04 16:41:08 +0900,body_mass_kg,65.2,PICOOC
2020-04-04,2020-04-04 16:41:08 +0900,lean_body_mass_kg,42.6,PICOOC
2020-04-06,2020-04-06 00:49:58 +0900,bmi,23.0,PICOOC
2020-04-06,2020-04-06 00:49:58 +0900,body_fat_pct,34.0,PICOOC
2020-04-06,2020-04-06 00:49:58 +0900,body_mass_kg,65.0,PICOOC
2020-04-06,2020-04-06 00:49:58 +0900,lean_body_mass_kg,42.9,PICOOC
2020-04-07,2020-04-07 22:08:33 +0900,bmi,22.8,PICOOC
2020-04-07,2020-04-07 22:08:33 +0900,body_fat_pct,34.5,PICOOC
2020-04-07,2020-04-07 22:08:33 +0900,body_mass_kg,64.3,PICOOC
2020-04-07,2020-04-07 22:08:33 +0900,lean_body_mass_kg,42.1,PICOOC
2020-04-08,2020-04-08 01:50:41 +0900,bmi,22.6,PICOOC
2020-04-08,2020-04-08 01:50:41 +0900,body_fat_pct,35.1,PICOOC
2020-04-08,2020-04-08 01:50:41 +0900,body_mass_kg,63.8,PICOOC
2020-04-08,2020-04-08 01:50:41 +0900,lean_body_mass_kg,41.4,PICOOC
2020-04-08,2020-04-08 13:04:08 +0900,bmi,22.6,PICOOC
2020-04-08,2020-04-08 13:04:08 +0900,body_fat_pct,35.7,PICOOC
2020-04-08,2020-04-08 13:04:08 +0900,body_mass_kg,63.9,PICOOC
2020-04-08,2020-04-08 13:04:08 +0900,lean_body_mass_kg,41.1,PICOOC
2020-04-09,2020-04-09 00:43:55 +0900,bmi,22.8,PICOOC
2020-04-09,2020-04-09 00:43:55 +0900,body_fat_pct,35.0,PICOOC
2020-04-09,2020-04-09 00:43:55 +0900,body_mass_kg,64.3,PICOOC
2020-04-09,2020-04-09 00:43:55 +0900,lean_body_mass_kg,41.8,PICOOC
2020-04-10,2020-04-10 09:15:28 +0900,bmi,22.8,PICOOC
2020-04-10,2020-04-10 09:15:28 +0900,body_fat_pct,34.1,PICOOC
2020-04-10,2020-04-10 09:15:28 +0900,body_mass_kg,64.4,PICOOC
2020-04-10,2020-04-10 09:15:28 +0900,lean_body_mass_kg,42.4,PICOOC
2020-04-11,2020-04-11 00:21:27 +0900,bmi,22.8,PICOOC
2020-04-11,2020-04-11 00:21:27 +0900,body_fat_pct,32.6,PICOOC
2020-04-11,2020-04-11 00:21:27 +0900,body_mass_kg,64.4,PICOOC
2020-04-11,2020-04-11 00:21:27 +0900,lean_body_mass_kg,43.4,PICOOC
2020-04-11,2020-04-11 07:08:27 +0900,bmi,22.8,PICOOC
2020-04-11,2020-04-11 07:08:27 +0900,body_fat_pct,33.1,PICOOC
2020-04-11,2020-04-11 07:08:27 +0900,body_mass_kg,64.4,PICOOC
2020-04-11,2020-04-11 07:08:27 +0900,lean_body_mass_kg,43.1,PICOOC
2020-04-11,2020-04-11 10:43:26 +0900,bmi,22.8,PICOOC
2020-04-11,2020-04-11 10:43:26 +0900,body_fat_pct,33.6,PICOOC
2020-04-11,2020-04-11 10:43:26 +0900,body_mass_kg,64.4,PICOOC
2020-04-11,2020-04-11 10:43:26 +0900,lean_body_mass_kg,42.8,PICOOC
2020-04-12,2020-04-12 07:31:07 +0900,bmi,22.8,PICOOC
2020-04-12,2020-04-12 07:31:07 +0900,body_fat_pct,33.1,PICOOC
2020-04-12,2020-04-12 07:31:07 +0900,body_mass_kg,64.4,PICOOC
2020-04-12,2020-04-12 07:31:07 +0900,lean_body_mass_kg,43.1,PICOOC
2020-04-12,2020-04-12 21:59:11 +0900,bmi,23.0,PICOOC
2020-04-12,2020-04-12 21:59:11 +0900,body_fat_pct,33.5,PICOOC
2020-04-12,2020-04-12 21:59:11 +0900,body_mass_kg,64.8,PICOOC
2020-04-12,2020-04-12 21:59:11 +0900,lean_body_mass_kg,43.1,PICOOC
2020-04-13,2020-04-13 02:30:02 +0900,bmi,22.8,PICOOC
2020-04-13,2020-04-13 02:30:02 +0900,body_fat_pct,32.6,PICOOC
2020-04-13,2020-04-13 02:30:02 +0900,body_mass_kg,64.4,PICOOC
2020-04-13,2020-04-13 02:30:02 +0900,lean_body_mass_kg,43.4,PICOOC
2020-04-13,2020-04-13 12:18:35 +0900,bmi,22.7,PICOOC
2020-04-13,2020-04-13 12:18:35 +0900,body_fat_pct,32.9,PICOOC
2020-04-13,2020-04-13 12:18:35 +0900,body_mass_kg,64.2,PICOOC
2020-04-13,2020-04-13 12:18:35 +0900,lean_body_mass_kg,43.1,PICOOC
2020-04-14,2020-04-14 06:04:20 +0900,bmi,22.5,PICOOC
2020-04-14,2020-04-14 06:04:20 +0900,body_fat_pct,32.6,PICOOC
2020-04-14,2020-04-14 06:04:20 +0900,body_mass_kg,63.6,PICOOC
2020-04-14,2020-04-14 06:04:20 +0900,lean_body_mass_kg,42.9,PICOOC
2020-04-15,2020-04-15 01:06:57 +0900,bmi,22.6,PICOOC
2020-04-15,2020-04-15 01:06:57 +0900,body_fat_pct,31.7,PICOOC
2020-04-15,2020-04-15 01:06:57 +0900,body_mass_kg,63.9,PICOOC
2020-04-15,2020-04-15 01:06:57 +0900,lean_body_mass_kg,43.6,PICOOC
2020-04-15,2020-04-15 08:55:18 +0900,bmi,22.5,PICOOC
2020-04-15,2020-04-15 08:55:18 +0900,body_fat_pct,32.6,PICOOC
2020-04-15,2020-04-15 08:55:18 +0900,body_mass_kg,63.6,PICOOC
2020-04-15,2020-04-15 08:55:18 +0900,lean_body_mass_kg,42.9,PICOOC
2020-04-16,2020-04-16 01:18:18 +0900,bmi,22.6,PICOOC
2020-04-16,2020-04-16 01:18:18 +0900,body_fat_pct,33.1,PICOOC
2020-04-16,2020-04-16 01:18:18 +0900,body_mass_kg,63.8,PICOOC
2020-04-16,2020-04-16 01:18:18 +0900,lean_body_mass_kg,42.7,PICOOC
2020-04-16,2020-04-16 08:08:56 +0900,bmi,22.4,PICOOC
2020-04-16,2020-04-16 08:08:56 +0900,body_fat_pct,32.8,PICOOC
2020-04-16,2020-04-16 08:08:56 +0900,body_mass_kg,63.3,PICOOC
2020-04-16,2020-04-16 08:08:56 +0900,lean_body_mass_kg,42.5,PICOOC
2020-04-16,2020-04-16 12:23:04 +0900,bmi,22.5,PICOOC
2020-04-16,2020-04-16 12:23:04 +0900,body_fat_pct,33.0,PICOOC
2020-04-16,2020-04-16 12:23:04 +0900,body_mass_kg,63.5,PICOOC
2020-04-16,2020-04-16 12:23:04 +0900,lean_body_mass_kg,42.5,PICOOC
2020-04-17,2020-04-17 09:10:33 +0900,bmi,22.5,PICOOC
2020-04-17,2020-04-17 09:10:33 +0900,body_fat_pct,32.6,PICOOC
2020-04-17,2020-04-17 09:10:33 +0900,body_mass_kg,63.6,PICOOC
2020-04-17,2020-04-17 09:10:33 +0900,lean_body_mass_kg,42.9,PICOOC
2020-04-18,2020-04-18 10:08:59 +0900,bmi,22.6,PICOOC
2020-04-18,2020-04-18 10:08:59 +0900,body_fat_pct,32.2,PICOOC
2020-04-18,2020-04-18 10:08:59 +0900,body_mass_kg,63.9,PICOOC
2020-04-18,2020-04-18 10:08:59 +0900,lean_body_mass_kg,43.3,PICOOC
2020-04-19,2020-04-19 06:11:57 +0900,bmi,22.5,PICOOC
2020-04-19,2020-04-19 06:11:57 +0900,body_fat_pct,31.0,PICOOC
2020-04-19,2020-04-19 06:11:57 +0900,body_mass_kg,63.5,PICOOC
2020-04-19,2020-04-19 06:11:57 +0900,lean_body_mass_kg,43.8,PICOOC
2020-04-19,2020-04-19 23:28:27 +0900,bmi,22.5,PICOOC
2020-04-19,2020-04-19 23:28:27 +0900,body_fat_pct,30.6,PICOOC
2020-04-19,2020-04-19 23:28:27 +0900,body_mass_kg,64.3,PICOOC
2020-04-19,2020-04-19 23:28:27 +0900,lean_body_mass_kg,44.6,PICOOC
2020-04-20,2020-04-20 07:29:12 +0900,bmi,22.5,PICOOC
2020-04-20,2020-04-20 07:29:12 +0900,body_fat_pct,31.5,PICOOC
2020-04-20,2020-04-20 07:29:12 +0900,body_mass_kg,64.2,PICOOC
2020-04-20,2020-04-20 07:29:12 +0900,lean_body_mass_kg,44.0,PICOOC
2020-04-20,2020-04-20 10:09:04 +0900,bmi,22.4,PICOOC
2020-04-20,2020-04-20 10:09:04 +0900,body_fat_pct,31.7,PICOOC
2020-04-20,2020-04-20 10:09:04 +0900,body_mass_kg,63.9,PICOOC
2020-04-20,2020-04-20 10:09:04 +0900,lean_body_mass_kg,43.6,PICOOC
2020-04-21,2020-04-21 13:02:50 +0900,bmi,22.4,PICOOC
2020-04-21,2020-04-21 13:02:50 +0900,body_fat_pct,31.7,PICOOC
2020-04-21,2020-04-21 13:02:50 +0900,body_mass_kg,63.9,PICOOC
2020-04-21,2020-04-21 13:02:50 +0900,lean_body_mass_kg,43.6,PICOOC
2020-04-22,2020-04-22 05:15:51 +0900,bmi,22.2,PICOOC
2020-04-22,2020-04-22 05:15:51 +0900,body_fat_pct,32.8,PICOOC
2020-04-22,2020-04-22 05:15:51 +0900,body_mass_kg,63.5,PICOOC
2020-04-22,2020-04-22 05:15:51 +0900,lean_body_mass_kg,42.7,PICOOC
2020-04-22,2020-04-22 12:33:48 +0900,bmi,22.3,PICOOC
2020-04-22,2020-04-22 12:33:48 +0900,body_fat_pct,31.9,PICOOC
2020-04-22,2020-04-22 12:33:48 +0900,body_mass_kg,63.6,PICOOC
2020-04-22,2020-04-22 12:33:48 +0900,lean_body_mass_kg,43.3,PICOOC
2020-04-22,2020-04-22 23:04:49 +0900,bmi,22.3,PICOOC
2020-04-22,2020-04-22 23:04:49 +0900,body_fat_pct,31.5,PICOOC
2020-04-22,2020-04-22 23:04:49 +0900,body_mass_kg,63.7,PICOOC
2020-04-22,2020-04-22 23:04:49 +0900,lean_body_mass_kg,43.6,PICOOC
2020-04-23,2020-04-23 08:19:37 +0900,bmi,22.1,PICOOC
2020-04-23,2020-04-23 08:19:37 +0900,body_fat_pct,32.1,PICOOC
2020-04-23,2020-04-23 08:19:37 +0900,body_mass_kg,63.2,PICOOC
2020-04-23,2020-04-23 08:19:37 +0900,lean_body_mass_kg,42.9,PICOOC
2020-04-24,2020-04-24 09:14:53 +0900,bmi,22.2,PICOOC
2020-04-24,2020-04-24 09:14:53 +0900,body_fat_pct,32.2,PICOOC
2020-04-24,2020-04-24 09:14:53 +0900,body_mass_kg,63.3,PICOOC
2020-04-24,2020-04-24 09:14:53 +0900,lean_body_mass_kg,42.9,PICOOC
2020-04-25,2020-04-25 01:13:40 +0900,bmi,22.2,PICOOC
2020-04-25,2020-04-25 01:13:40 +0900,body_fat_pct,29.5,PICOOC
2020-04-25,2020-04-25 01:13:40 +0900,body_mass_kg,63.4,PICOOC
2020-04-25,2020-04-25 01:13:40 +0900,lean_body_mass_kg,44.7,PICOOC
2020-04-25,2020-04-25 11:23:24 +0900,bmi,22.1,PICOOC
2020-04-25,2020-04-25 11:23:24 +0900,body_fat_pct,32.1,PICOOC
2020-04-25,2020-04-25 11:23:24 +0900,body_mass_kg,63.1,PICOOC
2020-04-25,2020-04-25 11:23:24 +0900,lean_body_mass_kg,42.8,PICOOC
2020-04-25,2020-04-25 11:54:48 +0900,bmi,22.2,PICOOC
2020-04-25,2020-04-25 11:54:48 +0900,body_fat_pct,31.7,PICOOC
2020-04-25,2020-04-25 11:54:48 +0900,body_mass_kg,63.3,PICOOC
2020-04-25,2020-04-25 11:54:48 +0900,lean_body_mass_kg,43.2,PICOOC
2020-04-26,2020-04-26 09:59:02 +0900,bmi,22.3,PICOOC
2020-04-26,2020-04-26 09:59:02 +0900,body_fat_pct,31.5,PICOOC
2020-04-26,2020-04-26 09:59:02 +0900,body_mass_kg,63.7,PICOOC
2020-04-26,2020-04-26 09:59:02 +0900,lean_body_mass_kg,43.6,PICOOC
2020-04-27,2020-04-27 07:09:36 +0900,bmi,22.1,PICOOC
2020-04-27,2020-04-27 07:09:36 +0900,body_fat_pct,30.8,PICOOC
2020-04-27,2020-04-27 07:09:36 +0900,body_mass_kg,63.2,PICOOC
2020-04-27,2020-04-27 07:09:36 +0900,lean_body_mass_kg,43.7,PICOOC
2020-04-27,2020-04-27 09:53:48 +0900,bmi,22.0,PICOOC
2020-04-27,2020-04-27 09:53:48 +0900,body_fat_pct,31.0,PICOOC
2020-04-27,2020-04-27 09:53:48 +0900,body_mass_kg,62.9,PICOOC
2020-04-27,2020-04-27 09:53:48 +0900,lean_body_mass_kg,43.4,PICOOC
2020-04-28,2020-04-28 11:10:06 +0900,bmi,22.1,PICOOC
2020-04-28,2020-04-28 11:10:06 +0900,body_fat_pct,32.1,PICOOC
2020-04-28,2020-04-28 11:10:06 +0900,body_mass_kg,63.1,PICOOC
2020-04-28,2020-04-28 11:10:06 +0900,lean_body_mass_kg,42.8,PICOOC
2020-04-28,2020-04-28 23:32:08 +0900,bmi,22.3,PICOOC
2020-04-28,2020-04-28 23:32:08 +0900,body_fat_pct,30.0,PICOOC
2020-04-28,2020-04-28 23:32:08 +0900,body_mass_kg,63.6,PICOOC
2020-04-28,2020-04-28 23:32:08 +0900,lean_body_mass_kg,44.5,PICOOC
2020-04-29,2020-04-29 09:58:23 +0900,bmi,22.1,PICOOC
2020-04-29,2020-04-29 09:58:23 +0900,body_fat_pct,32.5,PICOOC
2020-04-29,2020-04-29 09:58:23 +0900,body_mass_kg,63.1,PICOOC
2020-04-29,2020-04-29 09:58:23 +0900,lean_body_mass_kg,42.6,PICOOC
2020-04-29,2020-04-29 16:46:04 +0900,bmi,22.0,PICOOC
2020-04-29,2020-04-29 16:46:04 +0900,body_fat_pct,31.8,PICOOC
2020-04-29,2020-04-29 16:46:04 +0900,body_mass_kg,62.7,PICOOC
2020-04-29,2020-04-29 16:46:04 +0900,lean_body_mass_kg,42.8,PICOOC
2020-04-30,2020-04-30 06:10:39 +0900,bmi,22.1,PICOOC
2020-04-30,2020-04-30 06:10:39 +0900,body_fat_pct,31.2,PICOOC
2020-04-30,2020-04-30 06:10:39 +0900,body_mass_kg,63.1,PICOOC
2020-04-30,2020-04-30 06:10:39 +0900,lean_body_mass_kg,43.4,PICOOC
2020-05-01,2020-05-01 00:11:52 +0900,bmi,22.0,PICOOC
2020-05-01,2020-05-01 00:11:52 +0900,body_fat_pct,29.4,PICOOC
2020-05-01,2020-05-01 00:11:52 +0900,body_mass_kg,62.7,PICOOC
2020-05-01,2020-05-01 00:11:52 +0900,lean_body_mass_kg,44.2,PICOOC
2020-05-01,2020-05-01 10:28:11 +0900,bmi,22.0,PICOOC
2020-05-01,2020-05-01 10:28:11 +0900,body_fat_pct,29.6,PICOOC
2020-05-01,2020-05-01 10:28:11 +0900,body_mass_kg,62.9,PICOOC
2020-05-01,2020-05-01 10:28:11 +0900,lean_body_mass_kg,44.3,PICOOC
2020-05-02,2020-05-02 00:51:06 +0900,bmi,21.9,PICOOC
2020-05-02,2020-05-02 00:51:06 +0900,body_fat_pct,30.3,PICOOC
2020-05-02,2020-05-02 00:51:06 +0900,body_mass_kg,62.6,PICOOC
2020-05-02,2020-05-02 00:51:06 +0900,lean_body_mass_kg,43.6,PICOOC
2020-05-02,2020-05-02 09:08:08 +0900,bmi,22.0,PICOOC
2020-05-02,2020-05-02 09:08:08 +0900,body_fat_pct,31.9,PICOOC
2020-05-02,2020-05-02 09:08:08 +0900,body_mass_kg,62.8,PICOOC
2020-05-02,2020-05-02 09:08:08 +0900,lean_body_mass_kg,42.8,PICOOC
2020-05-03,2020-05-03 21:33:01 +0900,bmi,22.2,PICOOC
2020-05-03,2020-05-03 21:33:01 +0900,body_fat_pct,29.6,PICOOC
2020-05-03,2020-05-03 21:33:01 +0900,body_mass_kg,63.5,PICOOC
2020-05-03,2020-05-03 21:33:01 +0900,lean_body_mass_kg,44.7,PICOOC
2020-05-04,2020-05-04 08:56:20 +0900,bmi,22.0,PICOOC
2020-05-04,2020-05-04 08:56:20 +0900,body_fat_pct,31.9,PICOOC
2020-05-04,2020-05-04 08:56:20 +0900,body_mass_kg,62.8,PICOOC
2020-05-04,2020-05-04 08:56:20 +0900,lean_body_mass_kg,42.8,PICOOC
2020-05-05,2020-05-05 12:18:25 +0900,bmi,22.2,PICOOC
2020-05-05,2020-05-05 12:18:25 +0900,body_fat_pct,28.5,PICOOC
2020-05-05,2020-05-05 12:18:25 +0900,body_mass_kg,63.3,PICOOC
2020-05-05,2020-05-05 12:18:25 +0900,lean_body_mass_kg,45.3,PICOOC
2020-05-06,2020-05-06 08:55:10 +0900,bmi,22.1,PICOOC
2020-05-06,2020-05-06 08:55:10 +0900,body_fat_pct,31.6,PICOOC
2020-05-06,2020-05-06 08:55:10 +0900,body_mass_kg,63.0,PICOOC
2020-05-06,2020-05-06 08:55:10 +0900,lean_body_mass_kg,43.1,PICOOC
2020-05-07,2020-05-07 00:33:53 +0900,bmi,22.1,PICOOC
2020-05-07,2020-05-07 00:33:53 +0900,body_fat_pct,31.1,PICOOC
2020-05-07,2020-05-07 00:33:53 +0900,body_mass_kg,63.0,PICOOC
2020-05-07,2020-05-07 00:33:53 +0900,lean_body_mass_kg,43.4,PICOOC
2020-05-07,2020-05-07 12:41:29 +0900,bmi,22.0,PICOOC
2020-05-07,2020-05-07 12:41:29 +0900,body_fat_pct,31.9,PICOOC
2020-05-07,2020-05-07 12:41:29 +0900,body_mass_kg,62.8,PICOOC
2020-05-07,2020-05-07 12:41:29 +0900,lean_body_mass_kg,42.8,PICOOC
2020-05-07,2020-05-07 21:39:53 +0900,bmi,22.0,PICOOC
2020-05-07,2020-05-07 21:39:53 +0900,body_fat_pct,30.9,PICOOC
2020-05-07,2020-05-07 21:39:53 +0900,body_mass_kg,62.7,PICOOC
2020-05-07,2020-05-07 21:39:53 +0900,lean_body_mass_kg,43.4,PICOOC
2020-05-08,2020-05-08 07:04:41 +0900,bmi,21.8,PICOOC
2020-05-08,2020-05-08 07:04:41 +0900,body_fat_pct,31.5,PICOOC
2020-05-08,2020-05-08 07:04:41 +0900,body_mass_kg,62.4,PICOOC
2020-05-08,2020-05-08 07:04:41 +0900,lean_body_mass_kg,42.7,PICOOC
2020-05-08,2020-05-08 22:47:09 +0900,bmi,21.8,PICOOC
2020-05-08,2020-05-08 22:47:09 +0900,body_fat_pct,28.9,PICOOC
2020-05-08,2020-05-08 22:47:09 +0900,body_mass_kg,62.4,PICOOC
2020-05-08,2020-05-08 22:47:09 +0900,lean_body_mass_kg,44.4,PICOOC
2020-05-09,2020-05-09 10:27:25 +0900,bmi,21.7,PICOOC
2020-05-09,2020-05-09 10:27:25 +0900,body_fat_pct,31.4,PICOOC
2020-05-09,2020-05-09 10:27:25 +0900,body_mass_kg,62.1,PICOOC
2020-05-09,2020-05-09 10:27:25 +0900,lean_body_mass_kg,42.6,PICOOC
2020-05-10,2020-05-10 11:27:40 +0900,bmi,21.6,PICOOC
2020-05-10,2020-05-10 11:27:40 +0900,body_fat_pct,31.1,PICOOC
2020-05-10,2020-05-10 11:27:40 +0900,body_mass_kg,61.7,PICOOC
2020-05-10,2020-05-10 11:27:40 +0900,lean_body_mass_kg,42.5,PICOOC
2020-05-10,2020-05-10 23:04:01 +0900,bmi,21.7,PICOOC
2020-05-10,2020-05-10 23:04:01 +0900,body_fat_pct,30.0,PICOOC
2020-05-10,2020-05-10 23:04:01 +0900,body_mass_kg,62.1,PICOOC
2020-05-10,2020-05-10 23:04:01 +0900,lean_body_mass_kg,43.4,PICOOC
2020-05-11,2020-05-11 08:58:59 +0900,bmi,21.7,PICOOC
2020-05-11,2020-05-11 08:58:59 +0900,body_fat_pct,31.3,PICOOC
2020-05-11,2020-05-11 08:58:59 +0900,body_mass_kg,61.9,PICOOC
2020-05-11,2020-05-11 08:58:59 +0900,lean_body_mass_kg,42.5,PICOOC
2020-05-11,2020-05-11 23:00:48 +0900,bmi,21.7,PICOOC
2020-05-11,2020-05-11 23:00:48 +0900,body_fat_pct,29.5,PICOOC
2020-05-11,2020-05-11 23:00:48 +0900,body_mass_kg,62.0,PICOOC
2020-05-11,2020-05-11 23:00:48 +0900,lean_body_mass_kg,43.7,PICOOC
2020-05-12,2020-05-12 08:59:17 +0900,bmi,21.7,PICOOC
2020-05-12,2020-05-12 08:59:17 +0900,body_fat_pct,31.7,PICOOC
2020-05-12,2020-05-12 08:59:17 +0900,body_mass_kg,61.9,PICOOC
2020-05-12,2020-05-12 08:59:17 +0900,lean_body_mass_kg,42.3,PICOOC
2020-05-13,2020-05-13 02:52:43 +0900,bmi,21.7,PICOOC
2020-05-13,2020-05-13 02:52:43 +0900,body_fat_pct,29.0,PICOOC
2020-05-13,2020-05-13 02:52:43 +0900,body_mass_kg,62.0,PICOOC
2020-05-13,2020-05-13 02:52:43 +0900,lean_body_mass_kg,44.0,PICOOC
2020-05-13,2020-05-13 09:07:32 +0900,bmi,21.7,PICOOC
2020-05-13,2020-05-13 09:07:32 +0900,body_fat_pct,30.8,PICOOC
2020-05-13,2020-05-13 09:07:32 +0900,body_mass_kg,61.9,PICOOC
2020-05-13,2020-05-13 09:07:32 +0900,lean_body_mass_kg,42.8,PICOOC
2020-05-13,2020-05-13 15:28:30 +0900,bmi,21.7,PICOOC
2020-05-13,2020-05-13 15:28:30 +0900,body_fat_pct,30.4,PICOOC
2020-05-13,2020-05-13 15:28:30 +0900,body_mass_kg,62.0,PICOOC
2020-05-13,2020-05-13 15:28:30 +0900,lean_body_mass_kg,43.1,PICOOC
2020-05-14,2020-05-14 07:16:38 +0900,bmi,21.7,PICOOC
2020-05-14,2020-05-14 07:16:38 +0900,body_fat_pct,30.9,PICOOC
2020-05-14,2020-05-14 07:16:38 +0900,body_mass_kg,62.0,PICOOC
2020-05-14,2020-05-14 07:16:38 +0900,lean_body_mass_kg,42.8,PICOOC
2020-05-15,2020-05-15 12:24:22 +0900,bmi,21.6,PICOOC
2020-05-15,2020-05-15 12:24:22 +0900,body_fat_pct,30.6,PICOOC
2020-05-15,2020-05-15 12:24:22 +0900,body_mass_kg,61.7,PICOOC
2020-05-15,2020-05-15 12:24:22 +0900,lean_body_mass_kg,42.8,PICOOC
2020-05-16,2020-05-16 14:08:47 +0900,bmi,21.5,PICOOC
2020-05-16,2020-05-16 14:08:47 +0900,body_fat_pct,30.5,PICOOC
2020-05-16,2020-05-16 14:08:47 +0900,body_mass_kg,61.5,PICOOC
2020-05-16,2020-05-16 14:08:47 +0900,lean_body_mass_kg,42.8,PICOOC
2020-05-17,2020-05-17 14:09:06 +0900,bmi,21.6,PICOOC
2020-05-17,2020-05-17 14:09:06 +0900,body_fat_pct,30.7,PICOOC
2020-05-17,2020-05-17 14:09:06 +0900,body_mass_kg,61.8,PICOOC
2020-05-17,2020-05-17 14:09:06 +0900,lean_body_mass_kg,42.8,PICOOC
2020-05-18,2020-05-18 08:18:25 +0900,bmi,21.6,PICOOC
2020-05-18,2020-05-18 08:18:25 +0900,body_fat_pct,29.7,PICOOC
2020-05-18,2020-05-18 08:18:25 +0900,body_mass_kg,61.7,PICOOC
2020-05-18,2020-05-18 08:18:25 +0900,lean_body_mass_kg,43.4,PICOOC
2020-05-18,2020-05-18 08:19:27 +0900,bmi,21.6,PICOOC
2020-05-18,2020-05-18 08:19:27 +0900,body_fat_pct,29.6,PICOOC
2020-05-18,2020-05-18 08:19:27 +0900,body_mass_kg,61.6,PICOOC
2020-05-18,2020-05-18 08:19:27 +0900,lean_body_mass_kg,43.4,PICOOC
2020-05-18,2020-05-18 08:49:04 +0900,bmi,21.6,PICOOC
2020-05-18,2020-05-18 08:49:04 +0900,body_fat_pct,29.6,PICOOC
2020-05-18,2020-05-18 08:49:04 +0900,body_mass_kg,61.6,PICOOC
2020-05-18,2020-05-18 08:49:04 +0900,lean_body_mass_kg,43.4,PICOOC
2020-05-19,2020-05-19 10:21:43 +0900,bmi,21.6,PICOOC
2020-05-19,2020-05-19 10:21:43 +0900,body_fat_pct,30.2,PICOOC
2020-05-19,2020-05-19 10:21:43 +0900,body_mass_kg,61.7,PICOOC
2020-05-19,2020-05-19 10:21:43 +0900,lean_body_mass_kg,43.1,PICOOC
2020-05-19,2020-05-19 10:22:13 +0900,bmi,21.6,PICOOC
2020-05-19,2020-05-19 10:22:13 +0900,body_fat_pct,30.2,PICOOC
2020-05-19,2020-05-19 10:22:13 +0900,body_mass_kg,61.7,PICOOC
2020-05-19,2020-05-19 10:22:13 +0900,lean_body_mass_kg,43.1,PICOOC
2020-05-19,2020-05-19 15:51:05 +0900,bmi,21.5,PICOOC
2020-05-19,2020-05-19 15:51:05 +0900,body_fat_pct,30.3,PICOOC
2020-05-19,2020-05-19 15:51:05 +0900,body_mass_kg,61.3,PICOOC
2020-05-19,2020-05-19 15:51:05 +0900,lean_body_mass_kg,42.7,PICOOC
2020-05-20,2020-05-20 09:03:14 +0900,bmi,21.5,PICOOC
2020-05-20,2020-05-20 09:03:14 +0900,body_fat_pct,30.8,PICOOC
2020-05-20,2020-05-20 09:03:14 +0900,body_mass_kg,61.3,PICOOC
2020-05-20,2020-05-20 09:03:14 +0900,lean_body_mass_kg,42.4,PICOOC
2020-05-21,2020-05-21 01:56:33 +0900,bmi,21.5,PICOOC
2020-05-21,2020-05-21 01:56:33 +0900,body_fat_pct,29.5,PICOOC
2020-05-21,2020-05-21 01:56:33 +0900,body_mass_kg,61.4,PICOOC
2020-05-21,2020-05-21 01:56:33 +0900,lean_body_mass_kg,43.3,PICOOC
2020-05-21,2020-05-21 09:49:28 +0900,bmi,21.5,PICOOC
2020-05-21,2020-05-21 09:49:28 +0900,body_fat_pct,30.4,PICOOC
2020-05-21,2020-05-21 09:49:28 +0900,body_mass_kg,61.4,PICOOC
2020-05-21,2020-05-21 09:49:28 +0900,lean_body_mass_kg,42.7,PICOOC
2020-05-21,2020-05-21 09:49:49 +0900,bmi,21.5,PICOOC
2020-05-21,2020-05-21 09:49:49 +0900,body_fat_pct,30.4,PICOOC
2020-05-21,2020-05-21 09:49:49 +0900,body_mass_kg,61.4,PICOOC
2020-05-21,2020-05-21 09:49:49 +0900,lean_body_mass_kg,42.7,PICOOC
2020-05-22,2020-05-22 09:11:14 +0900,bmi,21.5,PICOOC
2020-05-22,2020-05-22 09:11:14 +0900,body_fat_pct,30.5,PICOOC
2020-05-22,2020-05-22 09:11:14 +0900,body_mass_kg,61.5,PICOOC
2020-05-22,2020-05-22 09:11:14 +0900,lean_body_mass_kg,42.8,PICOOC
2020-05-23,2020-05-23 08:14:26 +0900,bmi,21.6,PICOOC
2020-05-23,2020-05-23 08:14:26 +0900,body_fat_pct,31.5,PICOOC
2020-05-23,2020-05-23 08:14:26 +0900,body_mass_kg,61.6,PICOOC
2020-05-23,2020-05-23 08:14:26 +0900,lean_body_mass_kg,42.2,PICOOC
2020-05-23,2020-05-23 14:49:10 +0900,bmi,21.6,PICOOC
2020-05-23,2020-05-23 14:49:10 +0900,body_fat_pct,29.2,PICOOC
2020-05-23,2020-05-23 14:49:10 +0900,body_mass_kg,61.6,PICOOC
2020-05-23,2020-05-23 14:49:10 +0900,lean_body_mass_kg,43.6,PICOOC
2020-05-24,2020-05-24 08:24:26 +0900,bmi,21.9,PICOOC
2020-05-24,2020-05-24 08:24:26 +0900,body_fat_pct,30.8,PICOOC
2020-05-24,2020-05-24 08:24:26 +0900,body_mass_kg,62.6,PICOOC
2020-05-24,2020-05-24 08:24:26 +0900,lean_body_mass_kg,43.3,PICOOC
2020-05-25,2020-05-25 05:49:47 +0900,bmi,22.0,PICOOC
2020-05-25,2020-05-25 05:49:47 +0900,body_fat_pct,29.4,PICOOC
2020-05-25,2020-05-25 05:49:47 +0900,body_mass_kg,62.7,PICOOC
2020-05-25,2020-05-25 05:49:47 +0900,lean_body_mass_kg,44.2,PICOOC
2020-05-25,2020-05-25 15:11:54 +0900,bmi,21.9,PICOOC
2020-05-25,2020-05-25 15:11:54 +0900,body_fat_pct,28.6,PICOOC
2020-05-25,2020-05-25 15:11:54 +0900,body_mass_kg,62.6,PICOOC
2020-05-25,2020-05-25 15:11:54 +0900,lean_body_mass_kg,44.7,PICOOC
2020-05-25,2020-05-25 21:38:55 +0900,bmi,21.9,PICOOC
2020-05-25,2020-05-25 21:38:55 +0900,body_fat_pct,26.6,PICOOC
2020-05-25,2020-05-25 21:38:55 +0900,body_mass_kg,62.5,PICOOC
2020-05-25,2020-05-25 21:38:55 +0900,lean_body_mass_kg,45.8,PICOOC
2020-05-26,2020-05-26 05:32:12 +0900,bmi,21.6,PICOOC
2020-05-26,2020-05-26 05:32:12 +0900,body_fat_pct,28.9,PICOOC
2020-05-26,2020-05-26 05:32:12 +0900,body_mass_kg,61.8,PICOOC
2020-05-26,2020-05-26 05:32:12 +0900,lean_body_mass_kg,44.0,PICOOC
2020-05-26,2020-05-26 22:33:53 +0900,bmi,21.7,PICOOC
2020-05-26,2020-05-26 22:33:53 +0900,body_fat_pct,27.1,PICOOC
2020-05-26,2020-05-26 22:33:53 +0900,body_mass_kg,61.9,PICOOC
2020-05-26,2020-05-26 22:33:53 +0900,lean_body_mass_kg,45.1,PICOOC
2020-05-27,2020-05-27 06:27:01 +0900,bmi,21.6,PICOOC
2020-05-27,2020-05-27 06:27:01 +0900,body_fat_pct,28.7,PICOOC
2020-05-27,2020-05-27 06:27:01 +0900,body_mass_kg,61.6,PICOOC
2020-05-27,2020-05-27 06:27:01 +0900,lean_body_mass_kg,43.9,PICOOC
2020-05-27,2020-05-27 13:08:22 +0900,bmi,21.5,PICOOC
2020-05-27,2020-05-27 13:08:22 +0900,body_fat_pct,27.9,PICOOC
2020-05-27,2020-05-27 13:08:22 +0900,body_mass_kg,61.5,PICOOC
2020-05-27,2020-05-27 13:08:22 +0900,lean_body_mass_kg,44.4,PICOOC
2020-05-27,2020-05-27 23:34:23 +0900,bmi,21.5,PICOOC
2020-05-27,2020-05-27 23:34:23 +0900,body_fat_pct,29.5,PICOOC
2020-05-27,2020-05-27 23:34:23 +0900,body_mass_kg,61.5,PICOOC
2020-05-27,2020-05-27 23:34:23 +0900,lean_body_mass_kg,43.3,PICOOC
2020-05-28,2020-05-28 10:40:34 +0900,bmi,21.5,PICOOC
2020-05-28,2020-05-28 10:40:34 +0900,body_fat_pct,30.3,PICOOC
2020-05-28,2020-05-28 10:40:34 +0900,body_mass_kg,61.3,PICOOC
2020-05-28,2020-05-28 10:40:34 +0900,lean_body_mass_kg,42.7,PICOOC
2020-05-28,2020-05-28 11:12:12 +0900,bmi,21.6,PICOOC
2020-05-28,2020-05-28 11:12:12 +0900,body_fat_pct,30.5,PICOOC
2020-05-28,2020-05-28 11:12:12 +0900,body_mass_kg,61.6,PICOOC
2020-05-28,2020-05-28 11:12:12 +0900,lean_body_mass_kg,42.8,PICOOC
2020-05-28,2020-05-28 23:20:38 +0900,bmi,21.4,PICOOC
2020-05-28,2020-05-28 23:20:38 +0900,body_fat_pct,29.4,PICOOC
2020-05-28,2020-05-28 23:20:38 +0900,body_mass_kg,61.1,PICOOC
2020-05-28,2020-05-28 23:20:38 +0900,lean_body_mass_kg,43.2,PICOOC
2020-05-29,2020-05-29 06:00:38 +0900,bmi,21.6,PICOOC
2020-05-29,2020-05-29 06:00:38 +0900,body_fat_pct,29.6,PICOOC
2020-05-29,2020-05-29 06:00:38 +0900,body_mass_kg,61.6,PICOOC
2020-05-29,2020-05-29 06:00:38 +0900,lean_body_mass_kg,43.4,PICOOC
2020-05-29,2020-05-29 10:56:05 +0900,bmi,21.7,PICOOC
2020-05-29,2020-05-29 10:56:05 +0900,body_fat_pct,27.6,PICOOC
2020-05-29,2020-05-29 10:56:05 +0900,body_mass_kg,61.9,PICOOC
2020-05-29,2020-05-29 10:56:05 +0900,lean_body_mass_kg,44.8,PICOOC
2020-05-30,2020-05-30 09:56:55 +0900,bmi,21.5,PICOOC
2020-05-30,2020-05-30 09:56:55 +0900,body_fat_pct,28.6,PICOOC
2020-05-30,2020-05-30 09:56:55 +0900,body_mass_kg,61.5,PICOOC
2020-05-30,2020-05-30 09:56:55 +0900,lean_body_mass_kg,43.9,PICOOC
2020-05-30,2020-05-30 20:06:41 +0900,bmi,21.6,PICOOC
2020-05-30,2020-05-30 20:06:41 +0900,body_fat_pct,27.2,PICOOC
2020-05-30,2020-05-30 20:06:41 +0900,body_mass_kg,61.8,PICOOC
2020-05-30,2020-05-30 20:06:41 +0900,lean_body_mass_kg,45.0,PICOOC
2020-05-31,2020-05-31 05:55:43 +0900,bmi,21.5,PICOOC
2020-05-31,2020-05-31 05:55:43 +0900,body_fat_pct,30.8,PICOOC
2020-05-31,2020-05-31 05:55:43 +0900,body_mass_kg,61.3,PICOOC
2020-05-31,2020-05-31 05:55:43 +0900,lean_body_mass_kg,42.4,PICOOC
2020-05-31,2020-05-31 05:56:01 +0900,bmi,21.5,PICOOC
2020-05-31,2020-05-31 05:56:01 +0900,body_fat_pct,30.8,PICOOC
2020-05-31,2020-05-31 05:56:01 +0900,body_mass_kg,61.3,PICOOC
2020-05-31,2020-05-31 05:56:01 +0900,lean_body_mass_kg,42.4,PICOOC
2020-05-31,2020-05-31 22:47:39 +0900,bmi,21.5,PICOOC
2020-05-31,2020-05-31 22:47:39 +0900,body_fat_pct,28.3,PICOOC
2020-05-31,2020-05-31 22:47:39 +0900,body_mass_kg,61.5,PICOOC
2020-05-31,2020-05-31 22:47:39 +0900,lean_body_mass_kg,44.1,PICOOC
2020-06-01,2020-06-01 08:49:08 +0900,bmi,21.4,PICOOC
2020-06-01,2020-06-01 08:49:08 +0900,body_fat_pct,30.5,PICOOC
2020-06-01,2020-06-01 08:49:08 +0900,body_mass_kg,61.0,PICOOC
2020-06-01,2020-06-01 08:49:08 +0900,lean_body_mass_kg,42.4,PICOOC
2020-06-02,2020-06-02 10:11:15 +0900,bmi,21.5,PICOOC
2020-06-02,2020-06-02 10:11:15 +0900,body_fat_pct,30.3,PICOOC
2020-06-02,2020-06-02 10:11:15 +0900,body_mass_kg,61.3,PICOOC
2020-06-02,2020-06-02 10:11:15 +0900,lean_body_mass_kg,42.7,PICOOC
2020-06-02,2020-06-02 10:11:49 +0900,bmi,21.5,PICOOC
2020-06-02,2020-06-02 10:11:49 +0900,body_fat_pct,30.3,PICOOC
2020-06-02,2020-06-02 10:11:49 +0900,body_mass_kg,61.3,PICOOC
2020-06-02,2020-06-02 10:11:49 +0900,lean_body_mass_kg,42.7,PICOOC
2020-06-02,2020-06-02 13:36:27 +0900,bmi,21.5,PICOOC
2020-06-02,2020-06-02 13:36:27 +0900,body_fat_pct,30.3,PICOOC
2020-06-02,2020-06-02 13:36:27 +0900,body_mass_kg,61.3,PICOOC
2020-06-02,2020-06-02 13:36:27 +0900,lean_body_mass_kg,42.7,PICOOC
2020-06-03,2020-06-03 01:41:43 +0900,bmi,21.3,PICOOC
2020-06-03,2020-06-03 01:41:43 +0900,body_fat_pct,28.3,PICOOC
2020-06-03,2020-06-03 01:41:43 +0900,body_mass_kg,60.9,PICOOC
2020-06-03,2020-06-03 01:41:43 +0900,lean_body_mass_kg,43.7,PICOOC
2020-06-03,2020-06-03 08:53:33 +0900,bmi,21.3,PICOOC
2020-06-03,2020-06-03 08:53:33 +0900,body_fat_pct,30.1,PICOOC
2020-06-03,2020-06-03 08:53:33 +0900,body_mass_kg,60.9,PICOOC
2020-06-03,2020-06-03 08:53:33 +0900,lean_body_mass_kg,42.6,PICOOC
2020-06-03,2020-06-03 13:48:44 +0900,bmi,21.3,PICOOC
2020-06-03,2020-06-03 13:48:44 +0900,body_fat_pct,29.1,PICOOC
2020-06-03,2020-06-03 13:48:44 +0900,body_mass_kg,60.8,PICOOC
2020-06-03,2020-06-03 13:48:44 +0900,lean_body_mass_kg,43.1,PICOOC
2020-06-04,2020-06-04 15:33:53 +0900,bmi,21.4,PICOOC
2020-06-04,2020-06-04 15:33:53 +0900,body_fat_pct,29.7,PICOOC
2020-06-04,2020-06-04 15:33:53 +0900,body_mass_kg,61.2,PICOOC
2020-06-04,2020-06-04 15:33:53 +0900,lean_body_mass_kg,43.0,PICOOC
2020-06-05,2020-06-05 10:06:20 +0900,bmi,21.5,PICOOC
2020-06-05,2020-06-05 10:06:20 +0900,body_fat_pct,30.3,PICOOC
2020-06-05,2020-06-05 10:06:20 +0900,body_mass_kg,61.3,PICOOC
2020-06-05,2020-06-05 10:06:20 +0900,lean_body_mass_kg,42.7,PICOOC
2020-06-06,2020-06-06 23:52:15 +0900,bmi,21.6,PICOOC
2020-06-06,2020-06-06 23:52:15 +0900,body_fat_pct,25.7,PICOOC
2020-06-06,2020-06-06 23:52:15 +0900,body_mass_kg,61.6,PICOOC
2020-06-06,2020-06-06 23:52:15 +0900,lean_body_mass_kg,45.8,PICOOC
2020-06-07,2020-06-07 00:51:42 +0900,bmi,21.5,PICOOC
2020-06-07,2020-06-07 00:51:42 +0900,body_fat_pct,25.0,PICOOC
2020-06-07,2020-06-07 00:51:42 +0900,body_mass_kg,61.3,PICOOC
2020-06-07,2020-06-07 00:51:42 +0900,lean_body_mass_kg,46.0,PICOOC
2020-06-07,2020-06-07 06:05:59 +0900,bmi,21.4,PICOOC
2020-06-07,2020-06-07 06:05:59 +0900,body_fat_pct,27.5,PICOOC
2020-06-07,2020-06-07 06:05:59 +0900,body_mass_kg,61.0,PICOOC
2020-06-07,2020-06-07 06:05:59 +0900,lean_body_mass_kg,44.2,PICOOC
2020-06-07,2020-06-07 06:07:25 +0900,bmi,21.3,PICOOC
2020-06-07,2020-06-07 06:07:25 +0900,body_fat_pct,27.8,PICOOC
2020-06-07,2020-06-07 06:07:25 +0900,body_mass_kg,60.8,PICOOC
2020-06-07,2020-06-07 06:07:25 +0900,lean_body_mass_kg,43.9,PICOOC
2020-06-07,2020-06-07 06:07:57 +0900,bmi,21.3,PICOOC
2020-06-07,2020-06-07 06:07:57 +0900,body_fat_pct,27.8,PICOOC
2020-06-07,2020-06-07 06:07:57 +0900,body_mass_kg,60.8,PICOOC
2020-06-07,2020-06-07 06:07:57 +0900,lean_body_mass_kg,43.9,PICOOC
2020-06-09,2020-06-09 01:51:49 +0900,bmi,21.0,PICOOC
2020-06-09,2020-06-09 01:51:49 +0900,body_fat_pct,31.7,PICOOC
2020-06-09,2020-06-09 01:51:49 +0900,body_mass_kg,60.1,PICOOC
2020-06-09,2020-06-09 01:51:49 +0900,lean_body_mass_kg,41.0,PICOOC
2020-06-09,2020-06-09 11:03:41 +0900,bmi,21.0,PICOOC
2020-06-09,2020-06-09 11:03:41 +0900,body_fat_pct,29.9,PICOOC
2020-06-09,2020-06-09 11:03:41 +0900,body_mass_kg,60.1,PICOOC
2020-06-09,2020-06-09 11:03:41 +0900,lean_body_mass_kg,42.1,PICOOC
2020-06-10,2020-06-10 00:24:54 +0900,bmi,21.0,PICOOC
2020-06-10,2020-06-10 00:24:54 +0900,body_fat_pct,27.7,PICOOC
2020-06-10,2020-06-10 00:24:54 +0900,body_mass_kg,60.0,PICOOC
2020-06-10,2020-06-10 00:24:54 +0900,lean_body_mass_kg,43.4,PICOOC
2020-06-10,2020-06-10 01:20:50 +0900,bmi,21.0,PICOOC
2020-06-10,2020-06-10 01:20:50 +0900,body_fat_pct,27.7,PICOOC
2020-06-10,2020-06-10 01:20:50 +0900,body_mass_kg,60.0,PICOOC
2020-06-10,2020-06-10 01:20:50 +0900,lean_body_mass_kg,43.4,PICOOC
2020-06-10,2020-06-10 07:29:59 +0900,bmi,20.9,PICOOC
2020-06-10,2020-06-10 07:29:59 +0900,body_fat_pct,30.1,PICOOC
2020-06-10,2020-06-10 07:29:59 +0900,body_mass_kg,59.6,PICOOC
2020-06-10,2020-06-10 07:29:59 +0900,lean_body_mass_kg,41.7,PICOOC
2020-06-10,2020-06-10 09:33:53 +0900,bmi,21.0,PICOOC
2020-06-10,2020-06-10 09:33:53 +0900,body_fat_pct,30.7,PICOOC
2020-06-10,2020-06-10 09:33:53 +0900,body_mass_kg,60.0,PICOOC
2020-06-10,2020-06-10 09:33:53 +0900,lean_body_mass_kg,41.6,PICOOC
2020-06-11,2020-06-11 02:59:50 +0900,bmi,20.8,PICOOC
2020-06-11,2020-06-11 02:59:50 +0900,body_fat_pct,28.1,PICOOC
2020-06-11,2020-06-11 02:59:50 +0900,body_mass_kg,59.4,PICOOC
2020-06-11,2020-06-11 02:59:50 +0900,lean_body_mass_kg,42.7,PICOOC
2020-06-11,2020-06-11 09:27:17 +0900,bmi,20.9,PICOOC
2020-06-11,2020-06-11 09:27:17 +0900,body_fat_pct,30.4,PICOOC
2020-06-11,2020-06-11 09:27:17 +0900,body_mass_kg,59.6,PICOOC
2020-06-11,2020-06-11 09:27:17 +0900,lean_body_mass_kg,41.5,PICOOC
2020-06-11,2020-06-11 09:38:39 +0900,bmi,20.9,PICOOC
2020-06-11,2020-06-11 09:38:39 +0900,body_fat_pct,29.6,PICOOC
2020-06-11,2020-06-11 09:38:39 +0900,body_mass_kg,59.6,PICOOC
2020-06-11,2020-06-11 09:38:39 +0900,lean_body_mass_kg,41.9,PICOOC
2020-06-13,2020-06-13 17:00:37 +0900,bmi,20.9,PICOOC
2020-06-13,2020-06-13 17:00:37 +0900,body_fat_pct,28.0,PICOOC
2020-06-13,2020-06-13 17:00:37 +0900,body_mass_kg,59.8,PICOOC
2020-06-13,2020-06-13 17:00:37 +0900,lean_body_mass_kg,43.0,PICOOC
2020-06-14,2020-06-14 02:48:06 +0900,bmi,21.0,PICOOC
2020-06-14,2020-06-14 02:48:06 +0900,body_fat_pct,27.7,PICOOC
2020-06-14,2020-06-14 02:48:06 +0900,body_mass_kg,59.9,PICOOC
2020-06-14,2020-06-14 02:48:06 +0900,lean_body_mass_kg,43.3,PICOOC
2020-06-14,2020-06-14 11:46:00 +0900,bmi,20.9,PICOOC
2020-06-14,2020-06-14 11:46:00 +0900,body_fat_pct,29.4,PICOOC
2020-06-14,2020-06-14 11:46:00 +0900,body_mass_kg,59.8,PICOOC
2020-06-14,2020-06-14 11:46:00 +0900,lean_body_mass_kg,42.2,PICOOC
2020-06-15,2020-06-15 03:19:37 +0900,bmi,20.8,PICOOC
2020-06-15,2020-06-15 03:19:37 +0900,body_fat_pct,28.7,PICOOC
2020-06-15,2020-06-15 03:19:37 +0900,body_mass_kg,59.5,PICOOC
2020-06-15,2020-06-15 03:19:37 +0900,lean_body_mass_kg,42.4,PICOOC
2020-06-15,2020-06-15 09:00:06 +0900,bmi,20.9,PICOOC
2020-06-15,2020-06-15 09:00:06 +0900,body_fat_pct,29.6,PICOOC
2020-06-15,2020-06-15 09:00:06 +0900,body_mass_kg,59.6,PICOOC
2020-06-15,2020-06-15 09:00:06 +0900,lean_body_mass_kg,41.9,PICOOC
2020-06-16,2020-06-16 12:29:14 +0900,bmi,20.6,PICOOC
2020-06-16,2020-06-16 12:29:14 +0900,body_fat_pct,30.3,PICOOC
2020-06-16,2020-06-16 12:29:14 +0900,body_mass_kg,58.8,PICOOC
2020-06-16,2020-06-16 12:29:14 +0900,lean_body_mass_kg,41.0,PICOOC
2020-06-17,2020-06-17 12:56:30 +0900,bmi,20.7,PICOOC
2020-06-17,2020-06-17 12:56:30 +0900,body_fat_pct,29.6,PICOOC
2020-06-17,2020-06-17 12:56:30 +0900,body_mass_kg,59.0,PICOOC
2020-06-17,2020-06-17 12:56:30 +0900,lean_body_mass_kg,41.6,PICOOC
2020-06-17,2020-06-17 12:57:00 +0900,bmi,20.7,PICOOC
2020-06-17,2020-06-17 12:57:00 +0900,body_fat_pct,29.6,PICOOC
2020-06-17,2020-06-17 12:57:00 +0900,body_mass_kg,59.1,PICOOC
2020-06-17,2020-06-17 12:57:00 +0900,lean_body_mass_kg,41.6,PICOOC
2020-06-18,2020-06-18 09:00:08 +0900,bmi,20.6,PICOOC
2020-06-18,2020-06-18 09:00:08 +0900,body_fat_pct,29.1,PICOOC
2020-06-18,2020-06-18 09:00:08 +0900,body_mass_kg,58.8,PICOOC
2020-06-18,2020-06-18 09:00:08 +0900,lean_body_mass_kg,41.7,PICOOC
2020-06-19,2020-06-19 07:15:15 +0900,bmi,21.0,PICOOC
2020-06-19,2020-06-19 07:15:15 +0900,body_fat_pct,28.5,PICOOC
2020-06-19,2020-06-19 07:15:15 +0900,body_mass_kg,59.9,PICOOC
2020-06-19,2020-06-19 07:15:15 +0900,lean_body_mass_kg,42.8,PICOOC
2020-06-20,2020-06-20 07:17:39 +0900,bmi,21.0,PICOOC
2020-06-20,2020-06-20 07:17:39 +0900,body_fat_pct,28.6,PICOOC
2020-06-20,2020-06-20 07:17:39 +0900,body_mass_kg,60.0,PICOOC
2020-06-20,2020-06-20 07:17:39 +0900,lean_body_mass_kg,42.8,PICOOC
2020-06-20,2020-06-20 07:18:00 +0900,bmi,21.0,PICOOC
2020-06-20,2020-06-20 07:18:00 +0900,body_fat_pct,28.6,PICOOC
2020-06-20,2020-06-20 07:18:00 +0900,body_mass_kg,60.0,PICOOC
2020-06-20,2020-06-20 07:18:00 +0900,lean_body_mass_kg,42.8,PICOOC
2020-06-21,2020-06-21 12:38:08 +0900,bmi,21.3,PICOOC
2020-06-21,2020-06-21 12:38:08 +0900,body_fat_pct,27.7,PICOOC
2020-06-21,2020-06-21 12:38:08 +0900,body_mass_kg,60.7,PICOOC
2020-06-21,2020-06-21 12:38:08 +0900,lean_body_mass_kg,43.9,PICOOC
2020-06-22,2020-06-22 05:24:43 +0900,bmi,21.1,PICOOC
2020-06-22,2020-06-22 05:24:43 +0900,body_fat_pct,28.7,PICOOC
2020-06-22,2020-06-22 05:24:43 +0900,body_mass_kg,60.3,PICOOC
2020-06-22,2020-06-22 05:24:43 +0900,lean_body_mass_kg,43.0,PICOOC
2020-06-23,2020-06-23 12:03:30 +0900,bmi,20.9,PICOOC
2020-06-23,2020-06-23 12:03:30 +0900,body_fat_pct,29.4,PICOOC
2020-06-23,2020-06-23 12:03:30 +0900,body_mass_kg,59.8,PICOOC
2020-06-23,2020-06-23 12:03:30 +0900,lean_body_mass_kg,42.2,PICOOC
2020-06-23,2020-06-23 22:08:04 +0900,bmi,21.0,PICOOC
2020-06-23,2020-06-23 22:08:04 +0900,body_fat_pct,28.9,PICOOC
2020-06-23,2020-06-23 22:08:04 +0900,body_mass_kg,60.0,PICOOC
2020-06-23,2020-06-23 22:08:04 +0900,lean_body_mass_kg,42.7,PICOOC
2020-06-23,2020-06-23 23:17:20 +0900,bmi,21.0,PICOOC
2020-06-23,2020-06-23 23:17:20 +0900,body_fat_pct,28.2,PICOOC
2020-06-23,2020-06-23 23:17:20 +0900,body_mass_kg,60.0,PICOOC
2020-06-23,2020-06-23 23:17:20 +0900,lean_body_mass_kg,43.1,PICOOC
2020-06-24,2020-06-24 06:50:47 +0900,bmi,20.8,PICOOC
2020-06-24,2020-06-24 06:50:47 +0900,body_fat_pct,28.2,PICOOC
2020-06-24,2020-06-24 06:50:47 +0900,body_mass_kg,59.5,PICOOC
2020-06-24,2020-06-24 06:50:47 +0900,lean_body_mass_kg,42.7,PICOOC
2020-06-25,2020-06-25 05:31:07 +0900,bmi,20.8,PICOOC
2020-06-25,2020-06-25 05:31:07 +0900,body_fat_pct,28.9,PICOOC
2020-06-25,2020-06-25 05:31:07 +0900,body_mass_kg,59.3,PICOOC
2020-06-25,2020-06-25 05:31:07 +0900,lean_body_mass_kg,42.1,PICOOC
2020-06-25,2020-06-25 13:11:15 +0900,bmi,20.8,PICOOC
2020-06-25,2020-06-25 13:11:15 +0900,body_fat_pct,28.5,PICOOC
2020-06-25,2020-06-25 13:11:15 +0900,body_mass_kg,59.3,PICOOC
2020-06-25,2020-06-25 13:11:15 +0900,lean_body_mass_kg,42.4,PICOOC
2020-06-26,2020-06-26 02:26:10 +0900,bmi,20.7,PICOOC
2020-06-26,2020-06-26 02:26:10 +0900,body_fat_pct,28.3,PICOOC
2020-06-26,2020-06-26 02:26:10 +0900,body_mass_kg,59.1,PICOOC
2020-06-26,2020-06-26 02:26:10 +0900,lean_body_mass_kg,42.4,PICOOC
2020-06-26,2020-06-26 08:26:21 +0900,bmi,20.7,PICOOC
2020-06-26,2020-06-26 08:26:21 +0900,body_fat_pct,28.3,PICOOC
2020-06-26,2020-06-26 08:26:21 +0900,body_mass_kg,59.1,PICOOC
2020-06-26,2020-06-26 08:26:21 +0900,lean_body_mass_kg,42.4,PICOOC
2020-06-27,2020-06-27 19:51:43 +0900,bmi,21.0,PICOOC
2020-06-27,2020-06-27 19:51:43 +0900,body_fat_pct,25.6,PICOOC
2020-06-27,2020-06-27 19:51:43 +0900,body_mass_kg,60.1,PICOOC
2020-06-27,2020-06-27 19:51:43 +0900,lean_body_mass_kg,44.7,PICOOC
2020-06-27,2020-06-27 19:52:19 +0900,bmi,21.0,PICOOC
2020-06-27,2020-06-27 19:52:19 +0900,body_fat_pct,25.6,PICOOC
2020-06-27,2020-06-27 19:52:19 +0900,body_mass_kg,60.1,PICOOC
2020-06-27,2020-06-27 19:52:19 +0900,lean_body_mass_kg,44.7,PICOOC
2020-06-28,2020-06-28 06:40:13 +0900,bmi,20.8,PICOOC
2020-06-28,2020-06-28 06:40:13 +0900,body_fat_pct,29.4,PICOOC
2020-06-28,2020-06-28 06:40:13 +0900,body_mass_kg,59.3,PICOOC
2020-06-28,2020-06-28 06:40:13 +0900,lean_body_mass_kg,41.9,PICOOC
2020-07-02,2020-07-02 23:09:28 +0900,bmi,21.1,PICOOC
2020-07-02,2020-07-02 23:09:28 +0900,body_fat_pct,27.4,PICOOC
2020-07-02,2020-07-02 23:09:28 +0900,body_mass_kg,60.2,PICOOC
2020-07-02,2020-07-02 23:09:28 +0900,lean_body_mass_kg,43.7,PICOOC
2020-07-03,2020-07-03 11:16:33 +0900,bmi,20.9,PICOOC
2020-07-03,2020-07-03 11:16:33 +0900,body_fat_pct,29.4,PICOOC
2020-07-03,2020-07-03 11:16:33 +0900,body_mass_kg,59.8,PICOOC
2020-07-03,2020-07-03 11:16:33 +0900,lean_body_mass_kg,42.2,PICOOC
2020-07-04,2020-07-04 01:34:14 +0900,bmi,20.9,PICOOC
2020-07-04,2020-07-04 01:34:14 +0900,body_fat_pct,27.5,PICOOC
2020-07-04,2020-07-04 01:34:14 +0900,body_mass_kg,59.7,PICOOC
2020-07-04,2020-07-04 01:34:14 +0900,lean_body_mass_kg,43.3,PICOOC
2020-07-04,2020-07-04 10:14:06 +0900,bmi,20.8,PICOOC
2020-07-04,2020-07-04 10:14:06 +0900,body_fat_pct,29.0,PICOOC
2020-07-04,2020-07-04 10:14:06 +0900,body_mass_kg,59.4,PICOOC
2020-07-04,2020-07-04 10:14:06 +0900,lean_body_mass_kg,42.2,PICOOC
2020-07-04,2020-07-04 22:23:12 +0900,bmi,20.9,PICOOC
2020-07-04,2020-07-04 22:23:12 +0900,body_fat_pct,26.3,PICOOC
2020-07-04,2020-07-04 22:23:12 +0900,body_mass_kg,59.6,PICOOC
2020-07-04,2020-07-04 22:23:12 +0900,lean_body_mass_kg,43.9,PICOOC
2020-07-04,2020-07-04 23:14:01 +0900,bmi,20.8,PICOOC
2020-07-04,2020-07-04 23:14:01 +0900,body_fat_pct,26.5,PICOOC
2020-07-04,2020-07-04 23:14:01 +0900,body_mass_kg,59.3,PICOOC
2020-07-04,2020-07-04 23:14:01 +0900,lean_body_mass_kg,43.6,PICOOC
2020-07-05,2020-07-05 02:21:23 +0900,bmi,20.8,PICOOC
2020-07-05,2020-07-05 02:21:23 +0900,body_fat_pct,27.3,PICOOC
2020-07-05,2020-07-05 02:21:23 +0900,body_mass_kg,59.4,PICOOC
2020-07-05,2020-07-05 02:21:23 +0900,lean_body_mass_kg,43.2,PICOOC
2020-07-05,2020-07-05 11:35:45 +0900,bmi,20.7,PICOOC
2020-07-05,2020-07-05 11:35:45 +0900,body_fat_pct,28.4,PICOOC
2020-07-05,2020-07-05 11:35:45 +0900,body_mass_kg,59.0,PICOOC
2020-07-05,2020-07-05 11:35:45 +0900,lean_body_mass_kg,42.2,PICOOC
2020-07-05,2020-07-05 11:36:23 +0900,bmi,20.7,PICOOC
2020-07-05,2020-07-05 11:36:23 +0900,body_fat_pct,28.4,PICOOC
2020-07-05,2020-07-05 11:36:23 +0900,body_mass_kg,59.0,PICOOC
2020-07-05,2020-07-05 11:36:23 +0900,lean_body_mass_kg,42.2,PICOOC
2020-07-05,2020-07-05 11:36:42 +0900,bmi,20.7,PICOOC
2020-07-05,2020-07-05 11:36:42 +0900,body_fat_pct,28.4,PICOOC
2020-07-05,2020-07-05 11:36:42 +0900,body_mass_kg,59.0,PICOOC
2020-07-05,2020-07-05 11:36:42 +0900,lean_body_mass_kg,42.2,PICOOC
2020-07-06,2020-07-06 09:00:06 +0900,bmi,20.7,PICOOC
2020-07-06,2020-07-06 09:00:06 +0900,body_fat_pct,29.7,PICOOC
2020-07-06,2020-07-06 09:00:06 +0900,body_mass_kg,59.2,PICOOC
2020-07-06,2020-07-06 09:00:06 +0900,lean_body_mass_kg,41.6,PICOOC
2020-07-06,2020-07-06 11:32:06 +0900,bmi,20.7,PICOOC
2020-07-06,2020-07-06 11:32:06 +0900,body_fat_pct,29.6,PICOOC
2020-07-06,2020-07-06 11:32:06 +0900,body_mass_kg,59.1,PICOOC
2020-07-06,2020-07-06 11:32:06 +0900,lean_body_mass_kg,41.6,PICOOC
2020-07-07,2020-07-07 01:43:40 +0900,bmi,20.7,PICOOC
2020-07-07,2020-07-07 01:43:40 +0900,body_fat_pct,27.5,PICOOC
2020-07-07,2020-07-07 01:43:40 +0900,body_mass_kg,59.0,PICOOC
2020-07-07,2020-07-07 01:43:40 +0900,lean_body_mass_kg,42.8,PICOOC
2020-07-07,2020-07-07 08:09:43 +0900,bmi,20.7,PICOOC
2020-07-07,2020-07-07 08:09:43 +0900,body_fat_pct,29.7,PICOOC
2020-07-07,2020-07-07 08:09:43 +0900,body_mass_kg,59.2,PICOOC
2020-07-07,2020-07-07 08:09:43 +0900,lean_body_mass_kg,41.6,PICOOC
2020-07-07,2020-07-07 09:35:04 +0900,bmi,20.8,PICOOC
2020-07-07,2020-07-07 09:35:04 +0900,body_fat_pct,29.0,PICOOC
2020-07-07,2020-07-07 09:35:04 +0900,body_mass_kg,59.4,PICOOC
2020-07-07,2020-07-07 09:35:04 +0900,lean_body_mass_kg,42.2,PICOOC
2020-07-07,2020-07-07 13:07:40 +0900,bmi,20.6,PICOOC
2020-07-07,2020-07-07 13:07:40 +0900,body_fat_pct,28.8,PICOOC
2020-07-07,2020-07-07 13:07:40 +0900,body_mass_kg,58.9,PICOOC
2020-07-07,2020-07-07 13:07:40 +0900,lean_body_mass_kg,42.0,PICOOC
2020-07-07,2020-07-07 14:28:42 +0900,bmi,20.6,PICOOC
2020-07-07,2020-07-07 14:28:42 +0900,body_fat_pct,29.5,PICOOC
2020-07-07,2020-07-07 14:28:42 +0900,body_mass_kg,58.9,PICOOC
2020-07-07,2020-07-07 14:28:42 +0900,lean_body_mass_kg,41.5,PICOOC
2020-07-08,2020-07-08 12:00:31 +0900,bmi,21.0,PICOOC
2020-07-08,2020-07-08 12:00:31 +0900,body_fat_pct,29.9,PICOOC
2020-07-08,2020-07-08 12:00:31 +0900,body_mass_kg,60.1,PICOOC
2020-07-08,2020-07-08 12:00:31 +0900,lean_body_mass_kg,42.1,PICOOC
2020-07-09,2020-07-09 01:36:48 +0900,bmi,21.0,PICOOC
2020-07-09,2020-07-09 01:36:48 +0900,body_fat_pct,27.4,PICOOC
2020-07-09,2020-07-09 01:36:48 +0900,body_mass_kg,60.1,PICOOC
2020-07-09,2020-07-09 01:36:48 +0900,lean_body_mass_kg,43.7,PICOOC
2020-07-09,2020-07-09 13:10:28 +0900,bmi,20.9,PICOOC
2020-07-09,2020-07-09 13:10:28 +0900,body_fat_pct,29.6,PICOOC
2020-07-09,2020-07-09 13:10:28 +0900,body_mass_kg,59.6,PICOOC
2020-07-09,2020-07-09 13:10:28 +0900,lean_body_mass_kg,41.9,PICOOC
2020-07-09,2020-07-09 23:34:44 +0900,bmi,21.2,PICOOC
2020-07-09,2020-07-09 23:34:44 +0900,body_fat_pct,26.0,PICOOC
2020-07-09,2020-07-09 23:34:44 +0900,body_mass_kg,60.6,PICOOC
2020-07-09,2020-07-09 23:34:44 +0900,lean_body_mass_kg,44.9,PICOOC
2020-07-10,2020-07-10 08:40:20 +0900,bmi,21.1,PICOOC
2020-07-10,2020-07-10 08:40:20 +0900,body_fat_pct,27.9,PICOOC
2020-07-10,2020-07-10 08:40:20 +0900,body_mass_kg,60.2,PICOOC
2020-07-10,2020-07-10 08:40:20 +0900,lean_body_mass_kg,43.4,PICOOC
2020-07-10,2020-07-10 13:32:48 +0900,bmi,21.0,PICOOC
2020-07-10,2020-07-10 13:32:48 +0900,body_fat_pct,28.5,PICOOC
2020-07-10,2020-07-10 13:32:48 +0900,body_mass_kg,59.9,PICOOC
2020-07-10,2020-07-10 13:32:48 +0900,lean_body_mass_kg,42.8,PICOOC
2020-07-11,2020-07-11 02:39:38 +0900,bmi,21.2,PICOOC
2020-07-11,2020-07-11 02:39:38 +0900,body_fat_pct,28.4,PICOOC
2020-07-11,2020-07-11 02:39:38 +0900,body_mass_kg,60.5,PICOOC
2020-07-11,2020-07-11 02:39:38 +0900,lean_body_mass_kg,43.3,PICOOC
2020-07-12,2020-07-12 01:43:53 +0900,bmi,21.3,PICOOC
2020-07-12,2020-07-12 01:43:53 +0900,body_fat_pct,25.2,PICOOC
2020-07-12,2020-07-12 01:43:53 +0900,body_mass_kg,60.8,PICOOC
2020-07-12,2020-07-12 01:43:53 +0900,lean_body_mass_kg,45.5,PICOOC
2020-07-12,2020-07-12 01:44:28 +0900,bmi,21.2,PICOOC
2020-07-12,2020-07-12 01:44:28 +0900,body_fat_pct,25.0,PICOOC
2020-07-12,2020-07-12 01:44:28 +0900,body_mass_kg,60.5,PICOOC
2020-07-12,2020-07-12 01:44:28 +0900,lean_body_mass_kg,45.4,PICOOC
2020-07-12,2020-07-12 07:42:38 +0900,bmi,21.2,PICOOC
2020-07-12,2020-07-12 07:42:38 +0900,body_fat_pct,28.0,PICOOC
2020-07-12,2020-07-12 07:42:38 +0900,body_mass_kg,60.5,PICOOC
2020-07-12,2020-07-12 07:42:38 +0900,lean_body_mass_kg,43.6,PICOOC
2020-07-12,2020-07-12 11:01:12 +0900,bmi,21.2,PICOOC
2020-07-12,2020-07-12 11:01:12 +0900,body_fat_pct,28.0,PICOOC
2020-07-12,2020-07-12 11:01:12 +0900,body_mass_kg,60.5,PICOOC
2020-07-12,2020-07-12 11:01:12 +0900,lean_body_mass_kg,43.6,PICOOC
2020-07-14,2020-07-14 01:56:35 +0900,bmi,21.0,PICOOC
2020-07-14,2020-07-14 01:56:35 +0900,body_fat_pct,29.0,PICOOC
2020-07-14,2020-07-14 01:56:35 +0900,body_mass_kg,59.9,PICOOC
2020-07-14,2020-07-14 01:56:35 +0900,lean_body_mass_kg,42.5,PICOOC
2020-07-14,2020-07-14 10:45:55 +0900,bmi,20.9,PICOOC
2020-07-14,2020-07-14 10:45:55 +0900,body_fat_pct,29.6,PICOOC
2020-07-14,2020-07-14 10:45:55 +0900,body_mass_kg,59.8,PICOOC
2020-07-14,2020-07-14 10:45:55 +0900,lean_body_mass_kg,42.1,PICOOC
2020-07-15,2020-07-15 14:32:35 +0900,bmi,20.9,PICOOC
2020-07-15,2020-07-15 14:32:35 +0900,body_fat_pct,30.1,PICOOC
2020-07-15,2020-07-15 14:32:35 +0900,body_mass_kg,59.6,PICOOC
2020-07-15,2020-07-15 14:32:35 +0900,lean_body_mass_kg,41.7,PICOOC
2020-07-15,2020-07-15 23:58:17 +0900,bmi,20.9,PICOOC
2020-07-15,2020-07-15 23:58:17 +0900,body_fat_pct,29.3,PICOOC
2020-07-15,2020-07-15 23:58:17 +0900,body_mass_kg,59.7,PICOOC
2020-07-15,2020-07-15 23:58:17 +0900,lean_body_mass_kg,42.2,PICOOC
2020-07-16,2020-07-16 00:34:30 +0900,bmi,20.8,PICOOC
2020-07-16,2020-07-16 00:34:30 +0900,body_fat_pct,29.1,PICOOC
2020-07-16,2020-07-16 00:34:30 +0900,body_mass_kg,59.5,PICOOC
2020-07-16,2020-07-16 00:34:30 +0900,lean_body_mass_kg,42.2,PICOOC
2020-07-16,2020-07-16 00:35:08 +0900,bmi,20.8,PICOOC
2020-07-16,2020-07-16 00:35:08 +0900,body_fat_pct,29.1,PICOOC
2020-07-16,2020-07-16 00:35:08 +0900,body_mass_kg,59.5,PICOOC
2020-07-16,2020-07-16 00:35:08 +0900,lean_body_mass_kg,42.2,PICOOC
2020-07-16,2020-07-16 06:54:16 +0900,bmi,20.7,PICOOC
2020-07-16,2020-07-16 06:54:16 +0900,body_fat_pct,29.1,PICOOC
2020-07-16,2020-07-16 06:54:16 +0900,body_mass_kg,59.0,PICOOC
2020-07-16,2020-07-16 06:54:16 +0900,lean_body_mass_kg,41.8,PICOOC
2020-07-16,2020-07-16 12:31:00 +0900,bmi,20.7,PICOOC
2020-07-16,2020-07-16 12:31:00 +0900,body_fat_pct,29.3,PICOOC
2020-07-16,2020-07-16 12:31:00 +0900,body_mass_kg,59.2,PICOOC
2020-07-16,2020-07-16 12:31:00 +0900,lean_body_mass_kg,41.9,PICOOC
2020-07-17,2020-07-17 08:33:32 +0900,bmi,20.8,PICOOC
2020-07-17,2020-07-17 08:33:32 +0900,body_fat_pct,28.1,PICOOC
2020-07-17,2020-07-17 08:33:32 +0900,body_mass_kg,59.4,PICOOC
2020-07-17,2020-07-17 08:33:32 +0900,lean_body_mass_kg,42.7,PICOOC
2020-07-17,2020-07-17 12:09:41 +0900,bmi,20.8,PICOOC
2020-07-17,2020-07-17 12:09:41 +0900,body_fat_pct,29.4,PICOOC
2020-07-17,2020-07-17 12:09:41 +0900,body_mass_kg,59.3,PICOOC
2020-07-17,2020-07-17 12:09:41 +0900,lean_body_mass_kg,41.9,PICOOC
2020-07-17,2020-07-17 17:52:27 +0900,bmi,20.8,PICOOC
2020-07-17,2020-07-17 17:52:27 +0900,body_fat_pct,29.8,PICOOC
2020-07-17,2020-07-17 17:52:27 +0900,body_mass_kg,59.3,PICOOC
2020-07-17,2020-07-17 17:52:27 +0900,lean_body_mass_kg,41.6,PICOOC
2020-07-18,2020-07-18 07:33:38 +0900,bmi,20.9,PICOOC
2020-07-18,2020-07-18 07:33:38 +0900,body_fat_pct,29.4,PICOOC
2020-07-18,2020-07-18 07:33:38 +0900,body_mass_kg,59.8,PICOOC
2020-07-18,2020-07-18 07:33:38 +0900,lean_body_mass_kg,42.2,PICOOC
2020-07-20,2020-07-20 07:42:34 +0900,bmi,21.1,PICOOC
2020-07-20,2020-07-20 07:42:34 +0900,body_fat_pct,27.9,PICOOC
2020-07-20,2020-07-20 07:42:34 +0900,body_mass_kg,60.2,PICOOC
2020-07-20,2020-07-20 07:42:34 +0900,lean_body_mass_kg,43.4,PICOOC
2020-07-21,2020-07-21 09:01:14 +0900,bmi,21.2,PICOOC
2020-07-21,2020-07-21 09:01:14 +0900,body_fat_pct,28.0,PICOOC
2020-07-21,2020-07-21 09:01:14 +0900,body_mass_kg,60.5,PICOOC
2020-07-21,2020-07-21 09:01:14 +0900,lean_body_mass_kg,43.6,PICOOC
2020-07-22,2020-07-22 01:05:07 +0900,bmi,21.3,PICOOC
2020-07-22,2020-07-22 01:05:07 +0900,body_fat_pct,25.6,PICOOC
2020-07-22,2020-07-22 01:05:07 +0900,body_mass_kg,60.9,PICOOC
2020-07-22,2020-07-22 01:05:07 +0900,lean_body_mass_kg,45.3,PICOOC
2020-07-22,2020-07-22 02:58:26 +0900,bmi,21.3,PICOOC
2020-07-22,2020-07-22 02:58:26 +0900,body_fat_pct,26.1,PICOOC
2020-07-22,2020-07-22 02:58:26 +0900,body_mass_kg,60.7,PICOOC
2020-07-22,2020-07-22 02:58:26 +0900,lean_body_mass_kg,44.9,PICOOC
2020-07-22,2020-07-22 03:00:26 +0900,bmi,21.3,PICOOC
2020-07-22,2020-07-22 03:00:26 +0900,body_fat_pct,26.0,PICOOC
2020-07-22,2020-07-22 03:00:26 +0900,body_mass_kg,60.8,PICOOC
2020-07-22,2020-07-22 03:00:26 +0900,lean_body_mass_kg,45.0,PICOOC
2020-07-22,2020-07-22 08:34:51 +0900,bmi,21.3,PICOOC
2020-07-22,2020-07-22 08:34:51 +0900,body_fat_pct,27.7,PICOOC
2020-07-22,2020-07-22 08:34:51 +0900,body_mass_kg,60.7,PICOOC
2020-07-22,2020-07-22 08:34:51 +0900,lean_body_mass_kg,43.9,PICOOC
2020-07-23,2020-07-23 11:21:15 +0900,bmi,21.3,PICOOC
2020-07-23,2020-07-23 11:21:15 +0900,body_fat_pct,29.5,PICOOC
2020-07-23,2020-07-23 11:21:15 +0900,body_mass_kg,60.7,PICOOC
2020-07-23,2020-07-23 11:21:15 +0900,lean_body_mass_kg,42.8,PICOOC
2020-07-23,2020-07-23 14:29:40 +0900,bmi,21.1,PICOOC
2020-07-23,2020-07-23 14:29:40 +0900,body_fat_pct,30.5,PICOOC
2020-07-23,2020-07-23 14:29:40 +0900,body_mass_kg,60.3,PICOOC
2020-07-23,2020-07-23 14:29:40 +0900,lean_body_mass_kg,41.9,PICOOC
2020-07-25,2020-07-25 02:09:57 +0900,bmi,21.0,PICOOC
2020-07-25,2020-07-25 02:09:57 +0900,body_fat_pct,26.3,PICOOC
2020-07-25,2020-07-25 02:09:57 +0900,body_mass_kg,59.9,PICOOC
2020-07-25,2020-07-25 02:09:57 +0900,lean_body_mass_kg,44.1,PICOOC
2020-07-25,2020-07-25 06:08:19 +0900,bmi,21.0,PICOOC
2020-07-25,2020-07-25 06:08:19 +0900,body_fat_pct,27.3,PICOOC
2020-07-25,2020-07-25 06:08:19 +0900,body_mass_kg,60.0,PICOOC
2020-07-25,2020-07-25 06:08:19 +0900,lean_body_mass_kg,43.6,PICOOC
2020-07-27,2020-07-27 23:33:38 +0900,bmi,21.3,PICOOC
2020-07-27,2020-07-27 23:33:38 +0900,body_fat_pct,26.1,PICOOC
2020-07-27,2020-07-27 23:33:38 +0900,body_mass_kg,60.7,PICOOC
2020-07-27,2020-07-27 23:33:38 +0900,lean_body_mass_kg,44.9,PICOOC
2020-07-28,2020-07-28 06:51:36 +0900,bmi,21.1,PICOOC
2020-07-28,2020-07-28 06:51:36 +0900,body_fat_pct,28.2,PICOOC
2020-07-28,2020-07-28 06:51:36 +0900,body_mass_kg,60.2,PICOOC
2020-07-28,2020-07-28 06:51:36 +0900,lean_body_mass_kg,43.2,PICOOC
2020-07-28,2020-07-28 06:52:30 +0900,bmi,21.1,PICOOC
2020-07-28,2020-07-28 06:52:30 +0900,body_fat_pct,28.2,PICOOC
2020-07-28,2020-07-28 06:52:30 +0900,body_mass_kg,60.2,PICOOC
2020-07-28,2020-07-28 06:52:30 +0900,lean_body_mass_kg,43.2,PICOOC
2020-07-29,2020-07-29 02:50:35 +0900,bmi,21.0,PICOOC
2020-07-29,2020-07-29 02:50:35 +0900,body_fat_pct,28.5,PICOOC
2020-07-29,2020-07-29 02:50:35 +0900,body_mass_kg,59.9,PICOOC
2020-07-29,2020-07-29 02:50:35 +0900,lean_body_mass_kg,42.8,PICOOC
2020-07-29,2020-07-29 08:53:29 +0900,bmi,20.9,PICOOC
2020-07-29,2020-07-29 08:53:29 +0900,body_fat_pct,29.6,PICOOC
2020-07-29,2020-07-29 08:53:29 +0900,body_mass_kg,59.6,PICOOC
2020-07-29,2020-07-29 08:53:29 +0900,lean_body_mass_kg,41.9,PICOOC
2020-07-30,2020-07-30 05:27:25 +0900,bmi,20.8,PICOOC
2020-07-30,2020-07-30 05:27:25 +0900,body_fat_pct,29.5,PICOOC
2020-07-30,2020-07-30 05:27:25 +0900,body_mass_kg,59.4,PICOOC
2020-07-30,2020-07-30 05:27:25 +0900,lean_body_mass_kg,41.9,PICOOC
2020-07-30,2020-07-30 05:27:45 +0900,bmi,20.8,PICOOC
2020-07-30,2020-07-30 05:27:45 +0900,body_fat_pct,29.5,PICOOC
2020-07-30,2020-07-30 05:27:45 +0900,body_mass_kg,59.4,PICOOC
2020-07-30,2020-07-30 05:27:45 +0900,lean_body_mass_kg,41.9,PICOOC
2020-07-31,2020-07-31 03:45:00 +0900,bmi,20.7,PICOOC
2020-07-31,2020-07-31 03:45:00 +0900,body_fat_pct,25.9,PICOOC
2020-07-31,2020-07-31 03:45:00 +0900,body_mass_kg,59.2,PICOOC
2020-07-31,2020-07-31 03:45:00 +0900,lean_body_mass_kg,43.8,PICOOC
2020-07-31,2020-07-31 11:34:43 +0900,bmi,20.7,PICOOC
2020-07-31,2020-07-31 11:34:43 +0900,body_fat_pct,28.8,PICOOC
2020-07-31,2020-07-31 11:34:43 +0900,body_mass_kg,59.1,PICOOC
2020-07-31,2020-07-31 11:34:43 +0900,lean_body_mass_kg,42.1,PICOOC
2020-08-01,2020-08-01 09:34:01 +0900,bmi,20.6,PICOOC
2020-08-01,2020-08-01 09:34:01 +0900,body_fat_pct,29.1,PICOOC
2020-08-01,2020-08-01 09:34:01 +0900,body_mass_kg,58.8,PICOOC
2020-08-01,2020-08-01 09:34:01 +0900,lean_body_mass_kg,41.7,PICOOC
2020-08-01,2020-08-01 09:34:39 +0900,bmi,20.6,PICOOC
2020-08-01,2020-08-01 09:34:39 +0900,body_fat_pct,29.1,PICOOC
2020-08-01,2020-08-01 09:34:39 +0900,body_mass_kg,58.8,PICOOC
2020-08-01,2020-08-01 09:34:39 +0900,lean_body_mass_kg,41.7,PICOOC
2020-08-02,2020-08-02 20:59:25 +0900,bmi,21.2,PICOOC
2020-08-02,2020-08-02 20:59:25 +0900,body_fat_pct,25.9,PICOOC
2020-08-02,2020-08-02 20:59:25 +0900,body_mass_kg,60.5,PICOOC
2020-08-02,2020-08-02 20:59:25 +0900,lean_body_mass_kg,44.8,PICOOC
2020-08-03,2020-08-03 05:04:08 +0900,bmi,20.9,PICOOC
2020-08-03,2020-08-03 05:04:08 +0900,body_fat_pct,28.4,PICOOC
2020-08-03,2020-08-03 05:04:08 +0900,body_mass_kg,59.7,PICOOC
2020-08-03,2020-08-03 05:04:08 +0900,lean_body_mass_kg,42.8,PICOOC
2020-08-04,2020-08-04 05:35:50 +0900,bmi,20.7,PICOOC
2020-08-04,2020-08-04 05:35:50 +0900,body_fat_pct,28.8,PICOOC
2020-08-04,2020-08-04 05:35:50 +0900,body_mass_kg,59.1,PICOOC
2020-08-04,2020-08-04 05:35:50 +0900,lean_body_mass_kg,42.1,PICOOC
2020-08-04,2020-08-04 22:24:13 +0900,bmi,20.7,PICOOC
2020-08-04,2020-08-04 22:24:13 +0900,body_fat_pct,25.5,PICOOC
2020-08-04,2020-08-04 22:24:13 +0900,body_mass_kg,59.2,PICOOC
2020-08-04,2020-08-04 22:24:13 +0900,lean_body_mass_kg,44.1,PICOOC
2020-08-05,2020-08-05 08:45:07 +0900,bmi,20.6,PICOOC
2020-08-05,2020-08-05 08:45:07 +0900,body_fat_pct,29.4,PICOOC
2020-08-05,2020-08-05 08:45:07 +0900,body_mass_kg,58.8,PICOOC
2020-08-05,2020-08-05 08:45:07 +0900,lean_body_mass_kg,41.5,PICOOC
2020-08-05,2020-08-05 08:46:07 +0900,bmi,20.6,PICOOC
2020-08-05,2020-08-05 08:46:07 +0900,body_fat_pct,29.4,PICOOC
2020-08-05,2020-08-05 08:46:07 +0900,body_mass_kg,58.8,PICOOC
2020-08-05,2020-08-05 08:46:07 +0900,lean_body_mass_kg,41.5,PICOOC
2020-08-05,2020-08-05 11:03:00 +0900,bmi,20.7,PICOOC
2020-08-05,2020-08-05 11:03:00 +0900,body_fat_pct,29.6,PICOOC
2020-08-05,2020-08-05 11:03:00 +0900,body_mass_kg,59.0,PICOOC
2020-08-05,2020-08-05 11:03:00 +0900,lean_body_mass_kg,41.6,PICOOC
2020-08-05,2020-08-05 21:02:39 +0900,bmi,20.7,PICOOC
2020-08-05,2020-08-05 21:02:39 +0900,body_fat_pct,26.7,PICOOC
2020-08-05,2020-08-05 21:02:39 +0900,body_mass_kg,59.1,PICOOC
2020-08-05,2020-08-05 21:02:39 +0900,lean_body_mass_kg,43.3,PICOOC
2020-08-06,2020-08-06 05:36:23 +0900,bmi,20.7,PICOOC
2020-08-06,2020-08-06 05:36:23 +0900,body_fat_pct,29.1,PICOOC
2020-08-06,2020-08-06 05:36:23 +0900,body_mass_kg,59.0,PICOOC
2020-08-06,2020-08-06 05:36:23 +0900,lean_body_mass_kg,41.8,PICOOC
2020-08-06,2020-08-06 05:36:52 +0900,bmi,20.7,PICOOC
2020-08-06,2020-08-06 05:36:52 +0900,body_fat_pct,29.1,PICOOC
2020-08-06,2020-08-06 05:36:52 +0900,body_mass_kg,59.0,PICOOC
2020-08-06,2020-08-06 05:36:52 +0900,lean_body_mass_kg,41.8,PICOOC
2020-08-07,2020-08-07 09:32:04 +0900,bmi,20.9,PICOOC
2020-08-07,2020-08-07 09:32:04 +0900,body_fat_pct,29.3,PICOOC
2020-08-07,2020-08-07 09:32:04 +0900,body_mass_kg,59.7,PICOOC
2020-08-07,2020-08-07 09:32:04 +0900,lean_body_mass_kg,42.2,PICOOC
2020-08-07,2020-08-07 12:55:25 +0900,bmi,20.8,PICOOC
2020-08-07,2020-08-07 12:55:25 +0900,body_fat_pct,29.4,PICOOC
2020-08-07,2020-08-07 12:55:25 +0900,body_mass_kg,59.3,PICOOC
2020-08-07,2020-08-07 12:55:25 +0900,lean_body_mass_kg,41.9,PICOOC
2020-08-08,2020-08-08 01:40:56 +0900,bmi,20.7,PICOOC
2020-08-08,2020-08-08 01:40:56 +0900,body_fat_pct,29.6,PICOOC
2020-08-08,2020-08-08 01:40:56 +0900,body_mass_kg,59.1,PICOOC
2020-08-08,2020-08-08 01:40:56 +0900,lean_body_mass_kg,41.6,PICOOC
2020-08-08,2020-08-08 01:41:18 +0900,body_fat_pct,29.6,PICOOC
2020-08-08,2020-08-08 01:41:18 +0900,body_mass_kg,59.1,PICOOC
2020-08-08,2020-08-08 01:41:18 +0900,lean_body_mass_kg,41.6,PICOOC
2020-08-08,2020-08-08 06:25:43 +0900,bmi,20.7,PICOOC
2020-08-08,2020-08-08 06:25:43 +0900,body_fat_pct,29.6,PICOOC
2020-08-08,2020-08-08 06:25:43 +0900,body_mass_kg,59.1,PICOOC
2020-08-08,2020-08-08 06:25:43 +0900,lean_body_mass_kg,41.6,PICOOC
2020-08-09,2020-08-09 12:03:34 +0900,bmi,20.8,PICOOC
2020-08-09,2020-08-09 12:03:34 +0900,body_fat_pct,28.9,PICOOC
2020-08-09,2020-08-09 12:03:34 +0900,body_mass_kg,59.3,PICOOC
2020-08-09,2020-08-09 12:03:34 +0900,lean_body_mass_kg,42.1,PICOOC
2020-08-09,2020-08-09 15:03:58 +0900,bmi,20.7,PICOOC
2020-08-09,2020-08-09 15:03:58 +0900,body_fat_pct,28.8,PICOOC
2020-08-09,2020-08-09 15:03:58 +0900,body_mass_kg,59.1,PICOOC
2020-08-09,2020-08-09 15:03:58 +0900,lean_body_mass_kg,42.1,PICOOC
2020-08-10,2020-08-10 02:49:47 +0900,bmi,21.0,PICOOC
2020-08-10,2020-08-10 02:49:47 +0900,body_fat_pct,29.7,PICOOC
2020-08-10,2020-08-10 02:49:47 +0900,body_mass_kg,59.9,PICOOC
2020-08-10,2020-08-10 02:49:47 +0900,lean_body_mass_kg,42.1,PICOOC
2020-08-10,2020-08-10 12:38:32 +0900,bmi,20.7,PICOOC
2020-08-10,2020-08-10 12:38:32 +0900,body_fat_pct,28.4,PICOOC
2020-08-10,2020-08-10 12:38:32 +0900,body_mass_kg,59.0,PICOOC
2020-08-10,2020-08-10 12:38:32 +0900,lean_body_mass_kg,42.2,PICOOC
2020-08-10,2020-08-10 14:39:45 +0900,bmi,20.6,PICOOC
2020-08-10,2020-08-10 14:39:45 +0900,body_fat_pct,30.4,PICOOC
2020-08-10,2020-08-10 14:39:45 +0900,body_mass_kg,58.9,PICOOC
2020-08-10,2020-08-10 14:39:45 +0900,lean_body_mass_kg,41.0,PICOOC
2020-08-11,2020-08-11 05:33:36 +0900,bmi,20.7,PICOOC
2020-08-11,2020-08-11 05:33:36 +0900,body_fat_pct,28.7,PICOOC
2020-08-11,2020-08-11 05:33:36 +0900,body_mass_kg,59.0,PICOOC
2020-08-11,2020-08-11 05:33:36 +0900,lean_body_mass_kg,42.1,PICOOC
2020-08-11,2020-08-11 08:12:05 +0900,bmi,20.6,PICOOC
2020-08-11,2020-08-11 08:12:05 +0900,body_fat_pct,28.8,PICOOC
2020-08-11,2020-08-11 08:12:05 +0900,body_mass_kg,58.9,PICOOC
2020-08-11,2020-08-11 08:12:05 +0900,lean_body_mass_kg,42.0,PICOOC
2020-08-13,2020-08-13 09:36:55 +0900,bmi,20.7,PICOOC
2020-08-13,2020-08-13 09:36:55 +0900,body_fat_pct,29.1,PICOOC
2020-08-13,2020-08-13 09:36:55 +0900,body_mass_kg,59.0,PICOOC
2020-08-13,2020-08-13 09:36:55 +0900,lean_body_mass_kg,41.8,PICOOC
2020-08-14,2020-08-14 08:05:32 +0900,bmi,20.8,PICOOC
2020-08-14,2020-08-14 08:05:32 +0900,body_fat_pct,28.1,PICOOC
2020-08-14,2020-08-14 08:05:32 +0900,body_mass_kg,59.4,PICOOC
2020-08-14,2020-08-14 08:05:32 +0900,lean_body_mass_kg,42.7,PICOOC
2020-08-17,2020-08-17 09:01:29 +0900,bmi,21.5,PICOOC
2020-08-17,2020-08-17 09:01:29 +0900,body_fat_pct,28.2,PICOOC
2020-08-17,2020-08-17 09:01:29 +0900,body_mass_kg,61.3,PICOOC
2020-08-17,2020-08-17 09:01:29 +0900,lean_body_mass_kg,44.0,PICOOC
2020-08-17,2020-08-17 13:39:31 +0900,bmi,21.4,PICOOC
2020-08-17,2020-08-17 13:39:31 +0900,body_fat_pct,28.4,PICOOC
2020-08-17,2020-08-17 13:39:31 +0900,body_mass_kg,61.0,PICOOC
2020-08-17,2020-08-17 13:39:31 +0900,lean_body_mass_kg,43.7,PICOOC
2020-08-17,2020-08-17 20:46:22 +0900,bmi,21.2,PICOOC
2020-08-17,2020-08-17 20:46:22 +0900,body_fat_pct,28.1,PICOOC
2020-08-17,2020-08-17 20:46:22 +0900,body_mass_kg,60.6,PICOOC
2020-08-17,2020-08-17 20:46:22 +0900,lean_body_mass_kg,43.6,PICOOC
2020-08-18,2020-08-18 04:45:21 +0900,bmi,21.1,PICOOC
2020-08-18,2020-08-18 04:45:21 +0900,body_fat_pct,28.3,PICOOC
2020-08-18,2020-08-18 04:45:21 +0900,body_mass_kg,60.3,PICOOC
2020-08-18,2020-08-18 04:45:21 +0900,lean_body_mass_kg,43.3,PICOOC
2020-08-19,2020-08-19 10:07:14 +0900,bmi,21.0,PICOOC
2020-08-19,2020-08-19 10:07:14 +0900,body_fat_pct,28.2,PICOOC
2020-08-19,2020-08-19 10:07:14 +0900,body_mass_kg,60.0,PICOOC
2020-08-19,2020-08-19 10:07:14 +0900,lean_body_mass_kg,43.1,PICOOC
2020-08-19,2020-08-19 12:15:16 +0900,bmi,21.0,PICOOC
2020-08-19,2020-08-19 12:15:16 +0900,body_fat_pct,28.1,PICOOC
2020-08-19,2020-08-19 12:15:16 +0900,body_mass_kg,59.9,PICOOC
2020-08-19,2020-08-19 12:15:16 +0900,lean_body_mass_kg,43.1,PICOOC
2020-08-19,2020-08-19 14:54:15 +0900,bmi,20.9,PICOOC
2020-08-19,2020-08-19 14:54:15 +0900,body_fat_pct,29.3,PICOOC
2020-08-19,2020-08-19 14:54:15 +0900,body_mass_kg,59.7,PICOOC
2020-08-19,2020-08-19 14:54:15 +0900,lean_body_mass_kg,42.2,PICOOC
2020-08-20,2020-08-20 07:29:14 +0900,bmi,21.1,PICOOC
2020-08-20,2020-08-20 07:29:14 +0900,body_fat_pct,27.5,PICOOC
2020-08-20,2020-08-20 07:29:14 +0900,body_mass_kg,60.3,PICOOC
2020-08-20,2020-08-20 07:29:14 +0900,lean_body_mass_kg,43.7,PICOOC
2020-08-21,2020-08-21 07:05:31 +0900,bmi,21.0,PICOOC
2020-08-21,2020-08-21 07:05:31 +0900,body_fat_pct,27.4,PICOOC
2020-08-21,2020-08-21 07:05:31 +0900,body_mass_kg,60.1,PICOOC
2020-08-21,2020-08-21 07:05:31 +0900,lean_body_mass_kg,43.7,PICOOC
2020-08-21,2020-08-21 07:05:52 +0900,bmi,21.0,PICOOC
2020-08-21,2020-08-21 07:05:52 +0900,body_fat_pct,27.4,PICOOC
2020-08-21,2020-08-21 07:05:52 +0900,body_mass_kg,60.1,PICOOC
2020-08-21,2020-08-21 07:05:52 +0900,lean_body_mass_kg,43.7,PICOOC
2020-08-21,2020-08-21 10:48:07 +0900,bmi,21.0,PICOOC
2020-08-21,2020-08-21 10:48:07 +0900,body_fat_pct,28.6,PICOOC
2020-08-21,2020-08-21 10:48:07 +0900,body_mass_kg,60.0,PICOOC
2020-08-21,2020-08-21 10:48:07 +0900,lean_body_mass_kg,42.8,PICOOC
2020-08-22,2020-08-22 10:36:12 +0900,bmi,21.0,PICOOC
2020-08-22,2020-08-22 10:36:12 +0900,body_fat_pct,28.6,PICOOC
2020-08-22,2020-08-22 10:36:12 +0900,body_mass_kg,60.0,PICOOC
2020-08-22,2020-08-22 10:36:12 +0900,lean_body_mass_kg,42.8,PICOOC
2020-08-22,2020-08-22 12:08:10 +0900,bmi,21.0,PICOOC
2020-08-22,2020-08-22 12:08:10 +0900,body_fat_pct,29.0,PICOOC
2020-08-22,2020-08-22 12:08:10 +0900,body_mass_kg,59.9,PICOOC
2020-08-22,2020-08-22 12:08:10 +0900,lean_body_mass_kg,42.5,PICOOC
2020-08-23,2020-08-23 11:33:31 +0900,bmi,21.1,PICOOC
2020-08-23,2020-08-23 11:33:31 +0900,body_fat_pct,27.9,PICOOC
2020-08-23,2020-08-23 11:33:31 +0900,body_mass_kg,60.2,PICOOC
2020-08-23,2020-08-23 11:33:31 +0900,lean_body_mass_kg,43.4,PICOOC
2020-08-23,2020-08-23 14:51:52 +0900,bmi,20.9,PICOOC
2020-08-23,2020-08-23 14:51:52 +0900,body_fat_pct,27.6,PICOOC
2020-08-23,2020-08-23 14:51:52 +0900,body_mass_kg,59.8,PICOOC
2020-08-23,2020-08-23 14:51:52 +0900,lean_body_mass_kg,43.3,PICOOC
2020-08-24,2020-08-24 11:24:11 +0900,bmi,20.9,PICOOC
2020-08-24,2020-08-24 11:24:11 +0900,body_fat_pct,27.6,PICOOC
2020-08-24,2020-08-24 11:24:11 +0900,body_mass_kg,59.8,PICOOC
2020-08-24,2020-08-24 11:24:11 +0900,lean_body_mass_kg,43.3,PICOOC
2020-08-27,2020-08-27 10:27:25 +0900,bmi,21.0,PICOOC
2020-08-27,2020-08-27 10:27:25 +0900,body_fat_pct,29.8,PICOOC
2020-08-27,2020-08-27 10:27:25 +0900,body_mass_kg,60.0,PICOOC
2020-08-27,2020-08-27 10:27:25 +0900,lean_body_mass_kg,42.1,PICOOC
2020-09-01,2020-09-01 13:30:28 +0900,bmi,21.0,PICOOC
2020-09-01,2020-09-01 13:30:28 +0900,body_fat_pct,26.9,PICOOC
2020-09-01,2020-09-01 13:30:28 +0900,body_mass_kg,60.1,PICOOC
2020-09-01,2020-09-01 13:30:28 +0900,lean_body_mass_kg,43.9,PICOOC
2020-09-02,2020-09-02 00:26:15 +0900,bmi,21.0,PICOOC
2020-09-02,2020-09-02 00:26:15 +0900,body_fat_pct,26.0,PICOOC
2020-09-02,2020-09-02 00:26:15 +0900,body_mass_kg,60.1,PICOOC
2020-09-02,2020-09-02 00:26:15 +0900,lean_body_mass_kg,44.5,PICOOC
2020-09-02,2020-09-02 06:42:50 +0900,bmi,21.0,PICOOC
2020-09-02,2020-09-02 06:42:50 +0900,body_fat_pct,27.3,PICOOC
2020-09-02,2020-09-02 06:42:50 +0900,body_mass_kg,60.0,PICOOC
2020-09-02,2020-09-02 06:42:50 +0900,lean_body_mass_kg,43.6,PICOOC
2020-09-07,2020-09-07 06:40:14 +0900,bmi,20.9,PICOOC
2020-09-07,2020-09-07 06:40:14 +0900,body_fat_pct,28.4,PICOOC
2020-09-07,2020-09-07 06:40:14 +0900,body_mass_kg,59.7,PICOOC
2020-09-07,2020-09-07 06:40:14 +0900,lean_body_mass_kg,42.8,PICOOC
2020-09-08,2020-09-08 06:31:20 +0900,bmi,20.8,PICOOC
2020-09-08,2020-09-08 06:31:20 +0900,body_fat_pct,29.4,PICOOC
2020-09-08,2020-09-08 06:31:20 +0900,body_mass_kg,59.3,PICOOC
2020-09-08,2020-09-08 06:31:20 +0900,lean_body_mass_kg,41.9,PICOOC
2020-09-09,2020-09-09 09:41:24 +0900,bmi,20.7,PICOOC
2020-09-09,2020-09-09 09:41:24 +0900,body_fat_pct,29.6,PICOOC
2020-09-09,2020-09-09 09:41:24 +0900,body_mass_kg,59.1,PICOOC
2020-09-09,2020-09-09 09:41:24 +0900,lean_body_mass_kg,41.6,PICOOC
2020-09-10,2020-09-10 06:13:42 +0900,bmi,20.8,PICOOC
2020-09-10,2020-09-10 06:13:42 +0900,body_fat_pct,28.6,PICOOC
2020-09-10,2020-09-10 06:13:42 +0900,body_mass_kg,59.4,PICOOC
2020-09-10,2020-09-10 06:13:42 +0900,lean_body_mass_kg,42.4,PICOOC
2020-09-14,2020-09-14 06:43:48 +0900,bmi,20.9,PICOOC
2020-09-14,2020-09-14 06:43:48 +0900,body_fat_pct,28.7,PICOOC
2020-09-14,2020-09-14 06:43:48 +0900,body_mass_kg,59.6,PICOOC
2020-09-14,2020-09-14 06:43:48 +0900,lean_body_mass_kg,42.5,PICOOC
2020-09-14,2020-09-14 06:44:13 +0900,bmi,20.9,PICOOC
2020-09-14,2020-09-14 06:44:13 +0900,body_fat_pct,28.7,PICOOC
2020-09-14,2020-09-14 06:44:13 +0900,body_mass_kg,59.6,PICOOC
2020-09-14,2020-09-14 06:44:13 +0900,lean_body_mass_kg,42.5,PICOOC
2020-09-15,2020-09-15 07:35:46 +0900,bmi,20.6,PICOOC
2020-09-15,2020-09-15 07:35:46 +0900,body_fat_pct,28.3,PICOOC
2020-09-15,2020-09-15 07:35:46 +0900,body_mass_kg,58.9,PICOOC
2020-09-15,2020-09-15 07:35:46 +0900,lean_body_mass_kg,42.2,PICOOC
2020-09-15,2020-09-15 07:36:11 +0900,bmi,20.6,PICOOC
2020-09-15,2020-09-15 07:36:11 +0900,body_fat_pct,28.3,PICOOC
2020-09-15,2020-09-15 07:36:11 +0900,body_mass_kg,58.9,PICOOC
2020-09-15,2020-09-15 07:36:11 +0900,lean_body_mass_kg,42.2,PICOOC
2020-09-16,2020-09-16 07:27:28 +0900,bmi,20.6,PICOOC
2020-09-16,2020-09-16 07:27:28 +0900,body_fat_pct,29.0,PICOOC
2020-09-16,2020-09-16 07:27:28 +0900,body_mass_kg,58.9,PICOOC
2020-09-16,2020-09-16 07:27:28 +0900,lean_body_mass_kg,41.8,PICOOC
2020-09-16,2020-09-16 13:45:14 +0900,bmi,20.587,Mi Fit
2020-09-16,2020-09-16 13:45:14 +0900,body_mass_kg,58.8,Mi Fit
2020-09-17,2020-09-17 13:25:20 +0900,bmi,20.7,PICOOC
2020-09-17,2020-09-17 13:25:20 +0900,body_fat_pct,26.2,PICOOC
2020-09-17,2020-09-17 13:25:20 +0900,body_mass_kg,59.0,PICOOC
2020-09-17,2020-09-17 13:25:20 +0900,lean_body_mass_kg,43.5,PICOOC
2020-09-18,2020-09-18 06:41:58 +0900,bmi,20.7,PICOOC
2020-09-18,2020-09-18 06:41:58 +0900,body_fat_pct,28.7,PICOOC
2020-09-18,2020-09-18 06:41:58 +0900,body_mass_kg,59.0,PICOOC
2020-09-18,2020-09-18 06:41:58 +0900,lean_body_mass_kg,42.1,PICOOC
2020-09-18,2020-09-18 11:25:19 +0900,bmi,20.6,PICOOC
2020-09-18,2020-09-18 11:25:19 +0900,body_fat_pct,28.6,PICOOC
2020-09-18,2020-09-18 11:25:19 +0900,body_mass_kg,58.9,PICOOC
2020-09-18,2020-09-18 11:25:19 +0900,lean_body_mass_kg,42.1,PICOOC
2020-09-24,2020-09-24 07:50:34 +0900,bmi,20.8,PICOOC
2020-09-24,2020-09-24 07:50:34 +0900,body_fat_pct,28.1,PICOOC
2020-09-24,2020-09-24 07:50:34 +0900,body_mass_kg,59.3,PICOOC
2020-09-24,2020-09-24 07:50:34 +0900,lean_body_mass_kg,42.7,PICOOC
2020-09-24,2020-09-24 11:39:22 +0900,bmi,20.8,PICOOC
2020-09-24,2020-09-24 11:39:22 +0900,body_fat_pct,28.1,PICOOC
2020-09-24,2020-09-24 11:39:22 +0900,body_mass_kg,59.3,PICOOC
2020-09-24,2020-09-24 11:39:22 +0900,lean_body_mass_kg,42.7,PICOOC
2020-09-28,2020-09-28 07:09:44 +0900,bmi,20.7,PICOOC
2020-09-28,2020-09-28 07:09:44 +0900,body_fat_pct,28.9,PICOOC
2020-09-28,2020-09-28 07:09:44 +0900,body_mass_kg,59.2,PICOOC
2020-09-28,2020-09-28 07:09:44 +0900,lean_body_mass_kg,42.1,PICOOC
2020-09-28,2020-09-28 11:39:31 +0900,bmi,20.6,PICOOC
2020-09-28,2020-09-28 11:39:31 +0900,body_fat_pct,28.6,PICOOC
2020-09-28,2020-09-28 11:39:31 +0900,body_mass_kg,58.9,PICOOC
2020-09-28,2020-09-28 11:39:31 +0900,lean_body_mass_kg,42.1,PICOOC
2020-09-28,2020-09-28 11:39:59 +0900,bmi,20.7,PICOOC
2020-09-28,2020-09-28 11:39:59 +0900,body_fat_pct,28.4,PICOOC
2020-09-28,2020-09-28 11:39:59 +0900,body_mass_kg,59.2,PICOOC
2020-09-28,2020-09-28 11:39:59 +0900,lean_body_mass_kg,42.4,PICOOC
2020-09-30,2020-09-30 08:08:31 +0900,bmi,20.8,PICOOC
2020-09-30,2020-09-30 08:08:31 +0900,body_fat_pct,28.1,PICOOC
2020-09-30,2020-09-30 08:08:31 +0900,body_mass_kg,59.3,PICOOC
2020-09-30,2020-09-30 08:08:31 +0900,lean_body_mass_kg,42.7,PICOOC
2020-10-05,2020-10-05 07:18:46 +0900,bmi,21.0,PICOOC
2020-10-05,2020-10-05 07:18:46 +0900,body_fat_pct,28.4,PICOOC
2020-10-05,2020-10-05 07:18:46 +0900,body_mass_kg,59.9,PICOOC
2020-10-05,2020-10-05 07:18:46 +0900,lean_body_mass_kg,42.9,PICOOC
2020-10-07,2020-10-07 08:24:28 +0900,bmi,20.9,PICOOC
2020-10-07,2020-10-07 08:24:28 +0900,body_fat_pct,28.0,PICOOC
2020-10-07,2020-10-07 08:24:28 +0900,body_mass_kg,59.8,PICOOC
2020-10-07,2020-10-07 08:24:28 +0900,lean_body_mass_kg,43.0,PICOOC
2020-10-08,2020-10-08 14:21:38 +0900,bmi,21.0,PICOOC
2020-10-08,2020-10-08 14:21:38 +0900,body_fat_pct,26.8,PICOOC
2020-10-08,2020-10-08 14:21:38 +0900,body_mass_kg,60.0,PICOOC
2020-10-08,2020-10-08 14:21:38 +0900,lean_body_mass_kg,43.9,PICOOC
2020-10-08,2020-10-08 14:21:57 +0900,bmi,21.0,PICOOC
2020-10-08,2020-10-08 14:21:57 +0900,body_fat_pct,26.8,PICOOC
2020-10-08,2020-10-08 14:21:57 +0900,body_mass_kg,60.0,PICOOC
2020-10-08,2020-10-08 14:21:57 +0900,lean_body_mass_kg,43.9,PICOOC
2020-10-08,2020-10-08 14:22:38 +0900,bmi,21.0,PICOOC
2020-10-08,2020-10-08 14:22:38 +0900,body_fat_pct,26.8,PICOOC
2020-10-08,2020-10-08 14:22:38 +0900,body_mass_kg,60.0,PICOOC
2020-10-08,2020-10-08 14:22:38 +0900,lean_body_mass_kg,43.9,PICOOC
2020-10-08,2020-10-08 14:50:11 +0900,bmi,21.0,PICOOC
2020-10-08,2020-10-08 14:50:11 +0900,body_fat_pct,26.3,PICOOC
2020-10-08,2020-10-08 14:50:11 +0900,body_mass_kg,59.9,PICOOC
2020-10-08,2020-10-08 14:50:11 +0900,lean_body_mass_kg,44.1,PICOOC
2020-10-10,2020-10-10 11:32:07 +0900,bmi,20.9,PICOOC
2020-10-10,2020-10-10 11:32:07 +0900,body_fat_pct,27.9,PICOOC
2020-10-10,2020-10-10 11:32:07 +0900,body_mass_kg,59.7,PICOOC
2020-10-10,2020-10-10 11:32:07 +0900,lean_body_mass_kg,43.0,PICOOC
2020-10-12,2020-10-12 08:08:39 +0900,bmi,20.9,PICOOC
2020-10-12,2020-10-12 08:08:39 +0900,body_fat_pct,28.0,PICOOC
2020-10-12,2020-10-12 08:08:39 +0900,body_mass_kg,59.8,PICOOC
2020-10-12,2020-10-12 08:08:39 +0900,lean_body_mass_kg,43.0,PICOOC
2020-10-14,2020-10-14 22:37:27 +0900,bmi,21.2,PICOOC
2020-10-14,2020-10-14 22:37:27 +0900,body_fat_pct,27.2,PICOOC
2020-10-14,2020-10-14 22:37:27 +0900,body_mass_kg,60.6,PICOOC
2020-10-14,2020-10-14 22:37:27 +0900,lean_body_mass_kg,44.1,PICOOC
2020-10-15,2020-10-15 07:25:14 +0900,bmi,21.1,PICOOC
2020-10-15,2020-10-15 07:25:14 +0900,body_fat_pct,26.9,PICOOC
2020-10-15,2020-10-15 07:25:14 +0900,body_mass_kg,60.3,PICOOC
2020-10-15,2020-10-15 07:25:14 +0900,lean_body_mass_kg,44.1,PICOOC
2020-10-15,2020-10-15 07:25:32 +0900,bmi,21.1,PICOOC
2020-10-15,2020-10-15 07:25:32 +0900,body_fat_pct,26.9,PICOOC
2020-10-15,2020-10-15 07:25:32 +0900,body_mass_kg,60.3,PICOOC
2020-10-15,2020-10-15 07:25:32 +0900,lean_body_mass_kg,44.1,PICOOC
2020-10-16,2020-10-16 10:59:29 +0900,bmi,21.0,PICOOC
2020-10-16,2020-10-16 10:59:29 +0900,body_fat_pct,27.2,PICOOC
2020-10-16,2020-10-16 10:59:29 +0900,body_mass_kg,60.1,PICOOC
2020-10-16,2020-10-16 10:59:29 +0900,lean_body_mass_kg,43.8,PICOOC
2020-10-17,2020-10-17 02:08:34 +0900,bmi,20.9,PICOOC
2020-10-17,2020-10-17 02:08:34 +0900,body_fat_pct,26.6,PICOOC
2020-10-17,2020-10-17 02:08:34 +0900,body_mass_kg,59.7,PICOOC
2020-10-17,2020-10-17 02:08:34 +0900,lean_body_mass_kg,43.8,PICOOC
2020-10-17,2020-10-17 11:41:10 +0900,bmi,20.9,PICOOC
2020-10-17,2020-10-17 11:41:10 +0900,body_fat_pct,27.9,PICOOC
2020-10-17,2020-10-17 11:41:10 +0900,body_mass_kg,59.6,PICOOC
2020-10-17,2020-10-17 11:41:10 +0900,lean_body_mass_kg,43.0,PICOOC
2020-10-20,2020-10-20 13:41:13 +0900,bmi,21.1,PICOOC
2020-10-20,2020-10-20 13:41:13 +0900,body_fat_pct,26.5,PICOOC
2020-10-20,2020-10-20 13:41:13 +0900,body_mass_kg,60.4,PICOOC
2020-10-20,2020-10-20 13:41:13 +0900,lean_body_mass_kg,44.4,PICOOC
2020-10-20,2020-10-20 13:41:35 +0900,bmi,21.1,PICOOC
2020-10-20,2020-10-20 13:41:35 +0900,body_fat_pct,26.5,PICOOC
2020-10-20,2020-10-20 13:41:35 +0900,body_mass_kg,60.4,PICOOC
2020-10-20,2020-10-20 13:41:35 +0900,lean_body_mass_kg,44.4,PICOOC
2020-10-20,2020-10-20 16:32:58 +0900,bmi,21.0,PICOOC
2020-10-20,2020-10-20 16:32:58 +0900,body_fat_pct,26.3,PICOOC
2020-10-20,2020-10-20 16:32:58 +0900,body_mass_kg,59.9,PICOOC
2020-10-20,2020-10-20 16:32:58 +0900,lean_body_mass_kg,44.1,PICOOC
2020-10-22,2020-10-22 13:36:52 +0900,bmi,21.1,PICOOC
2020-10-22,2020-10-22 13:36:52 +0900,body_fat_pct,26.9,PICOOC
2020-10-22,2020-10-22 13:36:52 +0900,body_mass_kg,60.3,PICOOC
2020-10-22,2020-10-22 13:36:52 +0900,lean_body_mass_kg,44.1,PICOOC
2020-10-24,2020-10-24 01:47:14 +0900,bmi,21.2,PICOOC
2020-10-24,2020-10-24 01:47:14 +0900,body_fat_pct,26.2,PICOOC
2020-10-24,2020-10-24 01:47:14 +0900,body_mass_kg,60.5,PICOOC
2020-10-24,2020-10-24 01:47:14 +0900,lean_body_mass_kg,44.7,PICOOC
2020-10-24,2020-10-24 02:27:59 +0900,bmi,21.3,PICOOC
2020-10-24,2020-10-24 02:27:59 +0900,body_fat_pct,27.2,PICOOC
2020-10-24,2020-10-24 02:27:59 +0900,body_mass_kg,60.7,PICOOC
2020-10-24,2020-10-24 02:27:59 +0900,lean_body_mass_kg,44.2,PICOOC
2020-10-24,2020-10-24 11:10:12 +0900,bmi,21.0,PICOOC
2020-10-24,2020-10-24 11:10:12 +0900,body_fat_pct,27.7,PICOOC
2020-10-24,2020-10-24 11:10:12 +0900,body_mass_kg,59.9,PICOOC
2020-10-24,2020-10-24 11:10:12 +0900,lean_body_mass_kg,43.3,PICOOC
2020-10-24,2020-10-24 11:10:39 +0900,bmi,21.0,PICOOC
2020-10-24,2020-10-24 11:10:39 +0900,body_fat_pct,27.6,PICOOC
2020-10-24,2020-10-24 11:10:39 +0900,body_mass_kg,60.0,PICOOC
2020-10-24,2020-10-24 11:10:39 +0900,lean_body_mass_kg,43.5,PICOOC
2020-10-25,2020-10-25 10:28:01 +0900,bmi,21.0,PICOOC
2020-10-25,2020-10-25 10:28:01 +0900,body_fat_pct,27.2,PICOOC
2020-10-25,2020-10-25 10:28:01 +0900,body_mass_kg,60.1,PICOOC
2020-10-25,2020-10-25 10:28:01 +0900,lean_body_mass_kg,43.8,PICOOC
2020-10-26,2020-10-26 14:07:45 +0900,bmi,21.0,PICOOC
2020-10-26,2020-10-26 14:07:45 +0900,body_fat_pct,26.5,PICOOC
2020-10-26,2020-10-26 14:07:45 +0900,body_mass_kg,60.1,PICOOC
2020-10-26,2020-10-26 14:07:45 +0900,lean_body_mass_kg,44.2,PICOOC
2020-10-28,2020-10-28 04:36:20 +0900,bmi,20.9,PICOOC
2020-10-28,2020-10-28 04:36:20 +0900,body_fat_pct,26.2,PICOOC
2020-10-28,2020-10-28 04:36:20 +0900,body_mass_kg,59.7,PICOOC
2020-10-28,2020-10-28 04:36:20 +0900,lean_body_mass_kg,44.1,PICOOC
2020-10-29,2020-10-29 07:29:38 +0900,bmi,20.8,PICOOC
2020-10-29,2020-10-29 07:29:38 +0900,body_fat_pct,26.9,PICOOC
2020-10-29,2020-10-29 07:29:38 +0900,body_mass_kg,59.5,PICOOC
2020-10-29,2020-10-29 07:29:38 +0900,lean_body_mass_kg,43.5,PICOOC
2020-10-29,2020-10-29 07:29:55 +0900,bmi,20.8,PICOOC
2020-10-29,2020-10-29 07:29:55 +0900,body_fat_pct,26.9,PICOOC
2020-10-29,2020-10-29 07:29:55 +0900,body_mass_kg,59.5,PICOOC
2020-10-29,2020-10-29 07:29:55 +0900,lean_body_mass_kg,43.5,PICOOC
2020-10-30,2020-10-30 02:48:50 +0900,bmi,20.8,PICOOC
2020-10-30,2020-10-30 02:48:50 +0900,body_fat_pct,28.1,PICOOC
2020-10-30,2020-10-30 02:48:50 +0900,body_mass_kg,59.4,PICOOC
2020-10-30,2020-10-30 02:48:50 +0900,lean_body_mass_kg,42.7,PICOOC
2020-10-30,2020-10-30 05:03:01 +0900,bmi,20.7,PICOOC
2020-10-30,2020-10-30 05:03:01 +0900,body_fat_pct,28.4,PICOOC
2020-10-30,2020-10-30 05:03:01 +0900,body_mass_kg,59.2,PICOOC
2020-10-30,2020-10-30 05:03:01 +0900,lean_body_mass_kg,42.4,PICOOC
2020-10-31,2020-10-31 08:47:33 +0900,bmi,20.9,PICOOC
2020-10-31,2020-10-31 08:47:33 +0900,body_fat_pct,28.3,PICOOC
2020-10-31,2020-10-31 08:47:33 +0900,body_mass_kg,59.6,PICOOC
2020-10-31,2020-10-31 08:47:33 +0900,lean_body_mass_kg,42.7,PICOOC
2020-11-01,2020-11-01 02:41:47 +0900,bmi,20.9,PICOOC
2020-11-01,2020-11-01 02:41:47 +0900,body_fat_pct,26.5,PICOOC
2020-11-01,2020-11-01 02:41:47 +0900,body_mass_kg,59.6,PICOOC
2020-11-01,2020-11-01 02:41:47 +0900,lean_body_mass_kg,43.8,PICOOC
2020-11-01,2020-11-01 08:16:02 +0900,bmi,20.8,PICOOC
2020-11-01,2020-11-01 08:16:02 +0900,body_fat_pct,27.6,PICOOC
2020-11-01,2020-11-01 08:16:02 +0900,body_mass_kg,59.3,PICOOC
2020-11-01,2020-11-01 08:16:02 +0900,lean_body_mass_kg,42.9,PICOOC
2020-11-02,2020-11-02 10:34:47 +0900,bmi,20.7,PICOOC
2020-11-02,2020-11-02 10:34:47 +0900,body_fat_pct,28.2,PICOOC
2020-11-02,2020-11-02 10:34:47 +0900,body_mass_kg,59.0,PICOOC
2020-11-02,2020-11-02 10:34:47 +0900,lean_body_mass_kg,42.3,PICOOC
2020-11-02,2020-11-02 10:36:04 +0900,bmi,20.6,PICOOC
2020-11-02,2020-11-02 10:36:04 +0900,body_fat_pct,28.2,PICOOC
2020-11-02,2020-11-02 10:36:04 +0900,body_mass_kg,58.9,PICOOC
2020-11-02,2020-11-02 10:36:04 +0900,lean_body_mass_kg,42.3,PICOOC
2020-11-03,2020-11-03 11:58:15 +0900,bmi,20.7,PICOOC
2020-11-03,2020-11-03 11:58:15 +0900,body_fat_pct,27.5,PICOOC
2020-11-03,2020-11-03 11:58:15 +0900,body_mass_kg,59.2,PICOOC
2020-11-03,2020-11-03 11:58:15 +0900,lean_body_mass_kg,42.9,PICOOC
2020-11-05,2020-11-05 09:17:18 +0900,bmi,20.6,PICOOC
2020-11-05,2020-11-05 09:17:18 +0900,body_fat_pct,28.9,PICOOC
2020-11-05,2020-11-05 09:17:18 +0900,body_mass_kg,58.7,PICOOC
2020-11-05,2020-11-05 09:17:18 +0900,lean_body_mass_kg,41.8,PICOOC
2020-11-07,2020-11-07 09:08:13 +0900,bmi,20.7,PICOOC
2020-11-07,2020-11-07 09:08:13 +0900,body_fat_pct,28.2,PICOOC
2020-11-07,2020-11-07 09:08:13 +0900,body_mass_kg,59.0,PICOOC
2020-11-07,2020-11-07 09:08:13 +0900,lean_body_mass_kg,42.3,PICOOC
2020-11-08,2020-11-08 10:06:37 +0900,bmi,20.4,PICOOC
2020-11-08,2020-11-08 10:06:37 +0900,body_fat_pct,28.7,PICOOC
2020-11-08,2020-11-08 10:06:37 +0900,body_mass_kg,58.3,PICOOC
2020-11-08,2020-11-08 10:06:37 +0900,lean_body_mass_kg,41.6,PICOOC
2020-11-08,2020-11-08 10:06:55 +0900,bmi,20.4,PICOOC
2020-11-08,2020-11-08 10:06:55 +0900,body_fat_pct,28.7,PICOOC
2020-11-08,2020-11-08 10:06:55 +0900,body_mass_kg,58.3,PICOOC
2020-11-08,2020-11-08 10:06:55 +0900,lean_body_mass_kg,41.6,PICOOC
2020-11-08,2020-11-08 10:41:09 +0900,bmi,20.413,Mi Fit
2020-11-08,2020-11-08 10:41:09 +0900,body_mass_kg,58.3,Mi Fit
2020-11-12,2020-11-12 08:20:02 +0900,bmi,20.8,PICOOC
2020-11-12,2020-11-12 08:20:02 +0900,body_fat_pct,27.3,PICOOC
2020-11-12,2020-11-12 08:20:02 +0900,body_mass_kg,59.4,PICOOC
2020-11-12,2020-11-12 08:20:02 +0900,lean_body_mass_kg,43.2,PICOOC
2020-11-12,2020-11-12 12:45:57 +0900,bmi,20.7,PICOOC
2020-11-12,2020-11-12 12:45:57 +0900,body_fat_pct,26.7,PICOOC
2020-11-12,2020-11-12 12:45:57 +0900,body_mass_kg,59.2,PICOOC
2020-11-12,2020-11-12 12:45:57 +0900,lean_body_mass_kg,43.4,PICOOC
2020-11-15,2020-11-15 09:11:36 +0900,bmi,20.6,PICOOC
2020-11-15,2020-11-15 09:11:36 +0900,body_fat_pct,27.5,PICOOC
2020-11-15,2020-11-15 09:11:36 +0900,body_mass_kg,58.9,PICOOC
2020-11-15,2020-11-15 09:11:36 +0900,lean_body_mass_kg,42.7,PICOOC
2020-11-17,2020-11-17 08:20:38 +0900,bmi,20.6,PICOOC
2020-11-17,2020-11-17 08:20:38 +0900,body_fat_pct,28.2,PICOOC
2020-11-17,2020-11-17 08:20:38 +0900,body_mass_kg,58.7,PICOOC
2020-11-17,2020-11-17 08:20:38 +0900,lean_body_mass_kg,42.2,PICOOC
2020-11-21,2020-11-21 15:23:04 +0900,bmi,20.6,PICOOC
2020-11-21,2020-11-21 15:23:04 +0900,body_fat_pct,27.7,PICOOC
2020-11-21,2020-11-21 15:23:04 +0900,body_mass_kg,58.9,PICOOC
2020-11-21,2020-11-21 15:23:04 +0900,lean_body_mass_kg,42.6,PICOOC
2020-11-26,2020-11-26 08:59:10 +0900,bmi,20.6,PICOOC
2020-11-26,2020-11-26 08:59:10 +0900,body_fat_pct,28.2,PICOOC
2020-11-26,2020-11-26 08:59:10 +0900,body_mass_kg,58.9,PICOOC
2020-11-26,2020-11-26 08:59:10 +0900,lean_body_mass_kg,42.3,PICOOC
2020-12-11,2020-12-11 04:14:37 +0900,bmi,20.0,PICOOC
2020-12-11,2020-12-11 04:14:37 +0900,body_fat_pct,30.3,PICOOC
2020-12-11,2020-12-11 04:14:37 +0900,body_mass_kg,57.2,PICOOC
2020-12-11,2020-12-11 04:14:37 +0900,lean_body_mass_kg,39.8,PICOOC
2020-12-11,2020-12-11 04:15:17 +0900,bmi,20.0,PICOOC
2020-12-11,2020-12-11 04:15:17 +0900,body_fat_pct,30.3,PICOOC
2020-12-11,2020-12-11 04:15:17 +0900,body_mass_kg,57.2,PICOOC
2020-12-11,2020-12-11 04:15:17 +0900,lean_body_mass_kg,39.8,PICOOC
2020-12-12,2020-12-12 07:46:20 +0900,bmi,20.2,PICOOC
2020-12-12,2020-12-12 07:46:20 +0900,body_fat_pct,29.6,PICOOC
2020-12-12,2020-12-12 07:46:20 +0900,body_mass_kg,57.8,PICOOC
2020-12-12,2020-12-12 07:46:20 +0900,lean_body_mass_kg,40.7,PICOOC
2020-12-12,2020-12-12 08:27:47 +0900,bmi,20.237,Mi Fit
2020-12-12,2020-12-12 08:27:47 +0900,body_mass_kg,57.8,Mi Fit
2020-12-13,2020-12-13 04:49:41 +0900,bmi,20.3,PICOOC
2020-12-13,2020-12-13 04:49:41 +0900,body_fat_pct,28.0,PICOOC
2020-12-13,2020-12-13 04:49:41 +0900,body_mass_kg,58.0,PICOOC
2020-12-13,2020-12-13 04:49:41 +0900,lean_body_mass_kg,41.8,PICOOC
2020-12-16,2020-12-16 12:31:37 +0900,bmi,20.6,PICOOC
2020-12-16,2020-12-16 12:31:37 +0900,body_fat_pct,27.4,PICOOC
2020-12-16,2020-12-16 12:31:37 +0900,body_mass_kg,58.8,PICOOC
2020-12-16,2020-12-16 12:31:37 +0900,lean_body_mass_kg,42.7,PICOOC
2020-12-21,2020-12-21 15:59:20 +0900,bmi,20.6,PICOOC
2020-12-21,2020-12-21 15:59:20 +0900,body_fat_pct,29.0,PICOOC
2020-12-21,2020-12-21 15:59:20 +0900,body_mass_kg,58.8,PICOOC
2020-12-21,2020-12-21 15:59:20 +0900,lean_body_mass_kg,41.8,PICOOC
2020-12-27,2020-12-27 07:37:34 +0900,bmi,20.8,PICOOC
2020-12-27,2020-12-27 07:37:34 +0900,body_fat_pct,28.6,PICOOC
2020-12-27,2020-12-27 07:37:34 +0900,body_mass_kg,59.4,PICOOC
2020-12-27,2020-12-27 07:37:34 +0900,lean_body_mass_kg,42.4,PICOOC
2020-12-31,2020-12-31 12:25:22 +0900,bmi,20.7,PICOOC
2020-12-31,2020-12-31 12:25:22 +0900,body_fat_pct,28.8,PICOOC
2020-12-31,2020-12-31 12:25:22 +0900,body_mass_kg,59.1,PICOOC
2020-12-31,2020-12-31 12:25:22 +0900,lean_body_mass_kg,42.1,PICOOC
2021-01-04,2021-01-04 12:54:43 +0900,bmi,21.0,PICOOC
2021-01-04,2021-01-04 12:54:43 +0900,body_fat_pct,29.0,PICOOC
2021-01-04,2021-01-04 12:54:43 +0900,body_mass_kg,60.1,PICOOC
2021-01-04,2021-01-04 12:54:43 +0900,lean_body_mass_kg,42.7,PICOOC
2021-01-08,2021-01-08 12:31:55 +0900,bmi,20.8,PICOOC
2021-01-08,2021-01-08 12:31:55 +0900,body_fat_pct,29.1,PICOOC
2021-01-08,2021-01-08 12:31:55 +0900,body_mass_kg,59.5,PICOOC
2021-01-08,2021-01-08 12:31:55 +0900,lean_body_mass_kg,42.2,PICOOC
2021-01-11,2021-01-11 11:33:57 +0900,bmi,20.8,PICOOC
2021-01-11,2021-01-11 11:33:57 +0900,body_fat_pct,28.9,PICOOC
2021-01-11,2021-01-11 11:33:57 +0900,body_mass_kg,59.3,PICOOC
2021-01-11,2021-01-11 11:33:57 +0900,lean_body_mass_kg,42.1,PICOOC
2021-01-11,2021-01-11 15:16:15 +0900,bmi,20.8,PICOOC
2021-01-11,2021-01-11 15:16:15 +0900,body_fat_pct,29.8,PICOOC
2021-01-11,2021-01-11 15:16:15 +0900,body_mass_kg,59.3,PICOOC
2021-01-11,2021-01-11 15:16:15 +0900,lean_body_mass_kg,41.6,PICOOC
2021-01-12,2021-01-12 09:24:30 +0900,bmi,20.6,PICOOC
2021-01-12,2021-01-12 09:24:30 +0900,body_fat_pct,29.5,PICOOC
2021-01-12,2021-01-12 09:24:30 +0900,body_mass_kg,58.9,PICOOC
2021-01-12,2021-01-12 09:24:30 +0900,lean_body_mass_kg,41.5,PICOOC
2021-01-13,2021-01-13 07:40:53 +0900,bmi,20.7,PICOOC
2021-01-13,2021-01-13 07:40:53 +0900,body_fat_pct,30.5,PICOOC
2021-01-13,2021-01-13 07:40:53 +0900,body_mass_kg,59.1,PICOOC
2021-01-13,2021-01-13 07:40:53 +0900,lean_body_mass_kg,41.1,PICOOC
2021-01-14,2021-01-14 12:10:35 +0900,bmi,20.7,PICOOC
2021-01-14,2021-01-14 12:10:35 +0900,body_fat_pct,29.1,PICOOC
2021-01-14,2021-01-14 12:10:35 +0900,body_mass_kg,59.0,PICOOC
2021-01-14,2021-01-14 12:10:35 +0900,lean_body_mass_kg,41.8,PICOOC
2021-01-15,2021-01-15 08:39:27 +0900,bmi,20.8,PICOOC
2021-01-15,2021-01-15 08:39:27 +0900,body_fat_pct,27.2,PICOOC
2021-01-15,2021-01-15 08:39:27 +0900,body_mass_kg,59.3,PICOOC
2021-01-15,2021-01-15 08:39:27 +0900,lean_body_mass_kg,43.2,PICOOC
2021-02-01,2021-02-01 11:53:36 +0900,bmi,20.8,PICOOC
2021-02-01,2021-02-01 11:53:36 +0900,body_fat_pct,29.1,PICOOC
2021-02-01,2021-02-01 11:53:36 +0900,body_mass_kg,59.5,PICOOC
2021-02-01,2021-02-01 11:53:36 +0900,lean_body_mass_kg,42.2,PICOOC
2021-02-02,2021-02-02 07:25:33 +0900,bmi,20.8,PICOOC
2021-02-02,2021-02-02 07:25:33 +0900,body_fat_pct,29.8,PICOOC
2021-02-02,2021-02-02 07:25:33 +0900,body_mass_kg,59.5,PICOOC
2021-02-02,2021-02-02 07:25:33 +0900,lean_body_mass_kg,41.8,PICOOC
2021-02-08,2021-02-08 07:27:29 +0900,bmi,20.8,PICOOC
2021-02-08,2021-02-08 07:27:29 +0900,body_fat_pct,29.5,PICOOC
2021-02-08,2021-02-08 07:27:29 +0900,body_mass_kg,59.4,PICOOC
2021-02-08,2021-02-08 07:27:29 +0900,lean_body_mass_kg,41.9,PICOOC
2021-02-12,2021-02-12 05:43:03 +0900,bmi,21.1,PICOOC
2021-02-12,2021-02-12 05:43:03 +0900,body_fat_pct,29.6,PICOOC
2021-02-12,2021-02-12 05:43:03 +0900,body_mass_kg,60.3,PICOOC
2021-02-12,2021-02-12 05:43:03 +0900,lean_body_mass_kg,42.4,PICOOC
2021-03-01,2021-03-01 11:04:21 +0900,bmi,21.2,PICOOC
2021-03-01,2021-03-01 11:04:21 +0900,body_fat_pct,29.0,PICOOC
2021-03-01,2021-03-01 11:04:21 +0900,body_mass_kg,60.6,PICOOC
2021-03-01,2021-03-01 11:04:21 +0900,lean_body_mass_kg,43.1,PICOOC
2021-03-15,2021-03-15 10:51:59 +0900,bmi,21.0,PICOOC
2021-03-15,2021-03-15 10:51:59 +0900,body_fat_pct,29.7,PICOOC
2021-03-15,2021-03-15 10:51:59 +0900,body_mass_kg,59.9,PICOOC
2021-03-15,2021-03-15 10:51:59 +0900,lean_body_mass_kg,42.1,PICOOC
2021-03-16,2021-03-16 08:07:31 +0900,bmi,20.9,PICOOC
2021-03-16,2021-03-16 08:07:31 +0900,body_fat_pct,29.6,PICOOC
2021-03-16,2021-03-16 08:07:31 +0900,body_mass_kg,59.8,PICOOC
2021-03-16,2021-03-16 08:07:31 +0900,lean_body_mass_kg,42.1,PICOOC
2021-03-17,2021-03-17 09:26:51 +0900,bmi,20.8,PICOOC
2021-03-17,2021-03-17 09:26:51 +0900,body_fat_pct,29.5,PICOOC
2021-03-17,2021-03-17 09:26:51 +0900,body_mass_kg,59.4,PICOOC
2021-03-17,2021-03-17 09:26:51 +0900,lean_body_mass_kg,41.9,PICOOC
2021-03-17,2021-03-17 12:25:30 +0900,bmi,20.7,PICOOC
2021-03-17,2021-03-17 12:25:30 +0900,body_fat_pct,29.3,PICOOC
2021-03-17,2021-03-17 12:25:30 +0900,body_mass_kg,59.2,PICOOC
2021-03-17,2021-03-17 12:25:30 +0900,lean_body_mass_kg,41.9,PICOOC
2021-03-18,2021-03-18 08:37:19 +0900,bmi,20.7,PICOOC
2021-03-18,2021-03-18 08:37:19 +0900,body_fat_pct,30.0,PICOOC
2021-03-18,2021-03-18 08:37:19 +0900,body_mass_kg,59.0,PICOOC
2021-03-18,2021-03-18 08:37:19 +0900,lean_body_mass_kg,41.3,PICOOC
2021-03-19,2021-03-19 07:49:02 +0900,bmi,20.7,PICOOC
2021-03-19,2021-03-19 07:49:02 +0900,body_fat_pct,29.2,PICOOC
2021-03-19,2021-03-19 07:49:02 +0900,body_mass_kg,59.1,PICOOC
2021-03-19,2021-03-19 07:49:02 +0900,lean_body_mass_kg,41.8,PICOOC
2021-03-21,2021-03-21 11:44:46 +0900,bmi,20.9,PICOOC
2021-03-21,2021-03-21 11:44:46 +0900,body_fat_pct,28.7,PICOOC
2021-03-21,2021-03-21 11:44:46 +0900,body_mass_kg,59.7,PICOOC
2021-03-21,2021-03-21 11:44:46 +0900,lean_body_mass_kg,42.6,PICOOC
2021-03-23,2021-03-23 08:47:39 +0900,bmi,20.8,PICOOC
2021-03-23,2021-03-23 08:47:39 +0900,body_fat_pct,29.5,PICOOC
2021-03-23,2021-03-23 08:47:39 +0900,body_mass_kg,59.4,PICOOC
2021-03-23,2021-03-23 08:47:39 +0900,lean_body_mass_kg,41.9,PICOOC
2021-03-23,2021-03-23 11:03:59 +0900,bmi,20.8,PICOOC
2021-03-23,2021-03-23 11:03:59 +0900,body_fat_pct,30.1,PICOOC
2021-03-23,2021-03-23 11:03:59 +0900,body_mass_kg,59.3,PICOOC
2021-03-23,2021-03-23 11:03:59 +0900,lean_body_mass_kg,41.5,PICOOC
2021-03-24,2021-03-24 08:56:21 +0900,bmi,20.7,PICOOC
2021-03-24,2021-03-24 08:56:21 +0900,body_fat_pct,29.6,PICOOC
2021-03-24,2021-03-24 08:56:21 +0900,body_mass_kg,59.1,PICOOC
2021-03-24,2021-03-24 08:56:21 +0900,lean_body_mass_kg,41.6,PICOOC
2021-03-24,2021-03-24 08:57:07 +0900,bmi,20.7,PICOOC
2021-03-24,2021-03-24 08:57:07 +0900,body_fat_pct,29.6,PICOOC
2021-03-24,2021-03-24 08:57:07 +0900,body_mass_kg,59.1,PICOOC
2021-03-24,2021-03-24 08:57:07 +0900,lean_body_mass_kg,41.6,PICOOC
2021-03-25,2021-03-25 09:05:50 +0900,bmi,20.7,PICOOC
2021-03-25,2021-03-25 09:05:50 +0900,body_fat_pct,29.6,PICOOC
2021-03-25,2021-03-25 09:05:50 +0900,body_mass_kg,59.0,PICOOC
2021-03-25,2021-03-25 09:05:50 +0900,lean_body_mass_kg,41.6,PICOOC
2021-04-12,2021-04-12 08:55:38 +0900,bmi,21.2,PICOOC
2021-04-12,2021-04-12 08:55:38 +0900,body_fat_pct,28.4,PICOOC
2021-04-12,2021-04-12 08:55:38 +0900,body_mass_kg,60.5,PICOOC
2021-04-12,2021-04-12 08:55:38 +0900,lean_body_mass_kg,43.3,PICOOC
2021-04-16,2021-04-16 07:46:29 +0900,bmi,21.1,PICOOC
2021-04-16,2021-04-16 07:46:29 +0900,body_fat_pct,30.0,PICOOC
2021-04-16,2021-04-16 07:46:29 +0900,body_mass_kg,60.2,PICOOC
2021-04-16,2021-04-16 07:46:29 +0900,lean_body_mass_kg,42.2,PICOOC
2021-04-16,2021-04-16 14:59:48 +0900,bmi,21.1,PICOOC
2021-04-16,2021-04-16 14:59:48 +0900,body_fat_pct,31.3,PICOOC
2021-04-16,2021-04-16 14:59:48 +0900,body_mass_kg,60.2,PICOOC
2021-04-16,2021-04-16 14:59:48 +0900,lean_body_mass_kg,41.3,PICOOC
2021-04-24,2021-04-24 10:11:56 +0900,bmi,21.3,PICOOC
2021-04-24,2021-04-24 10:11:56 +0900,body_fat_pct,29.5,PICOOC
2021-04-24,2021-04-24 10:11:56 +0900,body_mass_kg,60.9,PICOOC
2021-04-24,2021-04-24 10:11:56 +0900,lean_body_mass_kg,42.9,PICOOC
2021-04-25,2021-04-25 08:16:40 +0900,bmi,21.1,PICOOC
2021-04-25,2021-04-25 08:16:40 +0900,body_fat_pct,30.9,PICOOC
2021-04-25,2021-04-25 08:16:40 +0900,body_mass_kg,60.2,PICOOC
2021-04-25,2021-04-25 08:16:40 +0900,lean_body_mass_kg,41.6,PICOOC
2021-04-26,2021-04-26 08:35:10 +0900,bmi,21.2,PICOOC
2021-04-26,2021-04-26 08:35:10 +0900,body_fat_pct,29.8,PICOOC
2021-04-26,2021-04-26 08:35:10 +0900,body_mass_kg,60.5,PICOOC
2021-04-26,2021-04-26 08:35:10 +0900,lean_body_mass_kg,42.5,PICOOC
2021-05-02,2021-05-02 15:51:11 +0900,bmi,21.1,PICOOC
2021-05-02,2021-05-02 15:51:11 +0900,body_fat_pct,31.0,PICOOC
2021-05-02,2021-05-02 15:51:11 +0900,body_mass_kg,60.3,PICOOC
2021-05-02,2021-05-02 15:51:11 +0900,lean_body_mass_kg,41.6,PICOOC
2021-05-03,2021-05-03 09:13:47 +0900,bmi,21.0,PICOOC
2021-05-03,2021-05-03 09:13:47 +0900,body_fat_pct,29.8,PICOOC
2021-05-03,2021-05-03 09:13:47 +0900,body_mass_kg,60.0,PICOOC
2021-05-03,2021-05-03 09:13:47 +0900,lean_body_mass_kg,42.1,PICOOC
2021-05-03,2021-05-03 13:03:06 +0900,bmi,21.0,PICOOC
2021-05-03,2021-05-03 13:03:06 +0900,body_fat_pct,30.2,PICOOC
2021-05-03,2021-05-03 13:03:06 +0900,body_mass_kg,59.9,PICOOC
2021-05-03,2021-05-03 13:03:06 +0900,lean_body_mass_kg,41.8,PICOOC
2021-05-06,2021-05-06 11:19:06 +0900,bmi,21.0,PICOOC
2021-05-06,2021-05-06 11:19:06 +0900,body_fat_pct,30.2,PICOOC
2021-05-06,2021-05-06 11:19:06 +0900,body_mass_kg,59.9,PICOOC
2021-05-06,2021-05-06 11:19:06 +0900,lean_body_mass_kg,41.8,PICOOC
2021-05-07,2021-05-07 14:36:40 +0900,bmi,21.0,PICOOC
2021-05-07,2021-05-07 14:36:40 +0900,body_fat_pct,29.7,PICOOC
2021-05-07,2021-05-07 14:36:40 +0900,body_mass_kg,59.9,PICOOC
2021-05-07,2021-05-07 14:36:40 +0900,lean_body_mass_kg,42.1,PICOOC
2021-05-08,2021-05-08 11:28:06 +0900,bmi,21.0,PICOOC
2021-05-08,2021-05-08 11:28:06 +0900,body_fat_pct,29.9,PICOOC
2021-05-08,2021-05-08 11:28:06 +0900,body_mass_kg,60.1,PICOOC
2021-05-08,2021-05-08 11:28:06 +0900,lean_body_mass_kg,42.1,PICOOC
2021-05-10,2021-05-10 10:12:28 +0900,bmi,21.1,PICOOC
2021-05-10,2021-05-10 10:12:28 +0900,body_fat_pct,30.4,PICOOC
2021-05-10,2021-05-10 10:12:28 +0900,body_mass_kg,60.2,PICOOC
2021-05-10,2021-05-10 10:12:28 +0900,lean_body_mass_kg,41.9,PICOOC
2021-05-23,2021-05-23 12:08:32 +0900,bmi,21.0,PICOOC
2021-05-23,2021-05-23 12:08:32 +0900,body_fat_pct,30.6,PICOOC
2021-05-23,2021-05-23 12:08:32 +0900,body_mass_kg,59.9,PICOOC
2021-05-23,2021-05-23 12:08:32 +0900,lean_body_mass_kg,41.6,PICOOC
2021-05-24,2021-05-24 08:38:14 +0900,bmi,21.1,PICOOC
2021-05-24,2021-05-24 08:38:14 +0900,body_fat_pct,29.6,PICOOC
2021-05-24,2021-05-24 08:38:14 +0900,body_mass_kg,60.3,PICOOC
2021-05-24,2021-05-24 08:38:14 +0900,lean_body_mass_kg,42.4,PICOOC
2021-05-25,2021-05-25 10:06:03 +0900,bmi,21.3,PICOOC
2021-05-25,2021-05-25 10:06:03 +0900,body_fat_pct,29.0,PICOOC
2021-05-25,2021-05-25 10:06:03 +0900,body_mass_kg,60.7,PICOOC
2021-05-25,2021-05-25 10:06:03 +0900,lean_body_mass_kg,43.1,PICOOC
2021-05-26,2021-05-26 14:25:06 +0900,bmi,21.3,PICOOC
2021-05-26,2021-05-26 14:25:06 +0900,body_fat_pct,29.5,PICOOC
2021-05-26,2021-05-26 14:25:06 +0900,body_mass_kg,60.7,PICOOC
2021-05-26,2021-05-26 14:25:06 +0900,lean_body_mass_kg,42.8,PICOOC
2021-05-31,2021-05-31 08:49:24 +0900,bmi,21.0,PICOOC
2021-05-31,2021-05-31 08:49:24 +0900,body_fat_pct,30.3,PICOOC
2021-05-31,2021-05-31 08:49:24 +0900,body_mass_kg,60.0,PICOOC
2021-05-31,2021-05-31 08:49:24 +0900,lean_body_mass_kg,41.8,PICOOC
2021-06-10,2021-06-10 09:45:04 +0900,bmi,21.2,PICOOC
2021-06-10,2021-06-10 09:45:04 +0900,body_fat_pct,29.4,PICOOC
2021-06-10,2021-06-10 09:45:04 +0900,body_mass_kg,60.6,PICOOC
2021-06-10,2021-06-10 09:45:04 +0900,lean_body_mass_kg,42.8,PICOOC
2021-06-14,2021-06-14 11:24:04 +0900,bmi,21.1,PICOOC
2021-06-14,2021-06-14 11:24:04 +0900,body_fat_pct,30.9,PICOOC
2021-06-14,2021-06-14 11:24:04 +0900,body_mass_kg,60.2,PICOOC
2021-06-14,2021-06-14 11:24:04 +0900,lean_body_mass_kg,41.6,PICOOC
2021-06-17,2021-06-17 06:12:55 +0900,bmi,21.3,PICOOC
2021-06-17,2021-06-17 06:12:55 +0900,body_fat_pct,30.9,PICOOC
2021-06-17,2021-06-17 06:12:55 +0900,body_mass_kg,60.9,PICOOC
2021-06-17,2021-06-17 06:12:55 +0900,lean_body_mass_kg,42.1,PICOOC
2021-06-26,2021-06-26 06:37:29 +0900,bmi,21.3,PICOOC
2021-06-26,2021-06-26 06:37:29 +0900,body_fat_pct,31.3,PICOOC
2021-06-26,2021-06-26 06:37:29 +0900,body_mass_kg,60.9,PICOOC
2021-06-26,2021-06-26 06:37:29 +0900,lean_body_mass_kg,41.8,PICOOC
2021-06-28,2021-06-28 07:10:47 +0900,bmi,21.2,PICOOC
2021-06-28,2021-06-28 07:10:47 +0900,body_fat_pct,30.2,PICOOC
2021-06-28,2021-06-28 07:10:47 +0900,body_mass_kg,60.5,PICOOC
2021-06-28,2021-06-28 07:10:47 +0900,lean_body_mass_kg,42.2,PICOOC
2021-07-04,2021-07-04 11:14:17 +0900,bmi,21.2,PICOOC
2021-07-04,2021-07-04 11:14:17 +0900,body_fat_pct,31.0,PICOOC
2021-07-04,2021-07-04 11:14:17 +0900,body_mass_kg,60.5,PICOOC
2021-07-04,2021-07-04 11:14:17 +0900,lean_body_mass_kg,41.8,PICOOC
2021-07-08,2021-07-08 14:53:39 +0900,bmi,21.1,PICOOC
2021-07-08,2021-07-08 14:53:39 +0900,body_fat_pct,31.4,PICOOC
2021-07-08,2021-07-08 14:53:39 +0900,body_mass_kg,60.3,PICOOC
2021-07-08,2021-07-08 14:53:39 +0900,lean_body_mass_kg,41.4,PICOOC
2021-08-01,2021-08-01 02:31:10 +0900,bmi,21.6,PICOOC
2021-08-01,2021-08-01 02:31:10 +0900,body_fat_pct,30.6,PICOOC
2021-08-01,2021-08-01 02:31:10 +0900,body_mass_kg,61.7,PICOOC
2021-08-01,2021-08-01 02:31:10 +0900,lean_body_mass_kg,42.8,PICOOC
2021-08-01,2021-08-01 13:12:51 +0900,bmi,21.4,PICOOC
2021-08-01,2021-08-01 13:12:51 +0900,body_fat_pct,30.1,PICOOC
2021-08-01,2021-08-01 13:12:51 +0900,body_mass_kg,61.1,PICOOC
2021-08-01,2021-08-01 13:12:51 +0900,lean_body_mass_kg,42.7,PICOOC
2021-08-04,2021-08-04 13:13:20 +0900,bmi,21.3,PICOOC
2021-08-04,2021-08-04 13:13:20 +0900,body_fat_pct,30.3,PICOOC
2021-08-04,2021-08-04 13:13:20 +0900,body_mass_kg,60.8,PICOOC
2021-08-04,2021-08-04 13:13:20 +0900,lean_body_mass_kg,42.4,PICOOC
2021-08-05,2021-08-05 06:58:03 +0900,bmi,21.4,PICOOC
2021-08-05,2021-08-05 06:58:03 +0900,body_fat_pct,30.0,PICOOC
2021-08-05,2021-08-05 06:58:03 +0900,body_mass_kg,61.0,PICOOC
2021-08-05,2021-08-05 06:58:03 +0900,lean_body_mass_kg,42.7,PICOOC
2021-08-08,2021-08-08 09:07:10 +0900,bmi,21.4,PICOOC
2021-08-08,2021-08-08 09:07:10 +0900,body_fat_pct,29.2,PICOOC
2021-08-08,2021-08-08 09:07:10 +0900,body_mass_kg,61.1,PICOOC
2021-08-08,2021-08-08 09:07:10 +0900,lean_body_mass_kg,43.3,PICOOC
2021-08-16,2021-08-16 12:52:46 +0900,bmi,21.2,PICOOC
2021-08-16,2021-08-16 12:52:46 +0900,body_fat_pct,30.2,PICOOC
2021-08-16,2021-08-16 12:52:46 +0900,body_mass_kg,60.5,PICOOC
2021-08-16,2021-08-16 12:52:46 +0900,lean_body_mass_kg,42.2,PICOOC
2021-08-31,2021-08-31 08:48:50 +0900,bmi,21.4,PICOOC
2021-08-31,2021-08-31 08:48:50 +0900,body_fat_pct,32.5,PICOOC
2021-08-31,2021-08-31 08:48:50 +0900,body_mass_kg,61.2,PICOOC
2021-08-31,2021-08-31 08:48:50 +0900,lean_body_mass_kg,41.3,PICOOC
2021-09-02,2021-09-02 09:49:18 +0900,bmi,21.6,PICOOC
2021-09-02,2021-09-02 09:49:18 +0900,body_fat_pct,31.0,PICOOC
2021-09-02,2021-09-02 09:49:18 +0900,body_mass_kg,61.6,PICOOC
2021-09-02,2021-09-02 09:49:18 +0900,lean_body_mass_kg,42.5,PICOOC
2021-09-13,2021-09-13 09:07:10 +0900,bmi,21.7,PICOOC
2021-09-13,2021-09-13 09:07:10 +0900,body_fat_pct,31.1,PICOOC
2021-09-13,2021-09-13 09:07:10 +0900,body_mass_kg,61.9,PICOOC
2021-09-13,2021-09-13 09:07:10 +0900,lean_body_mass_kg,42.6,PICOOC
2021-09-14,2021-09-14 09:07:29 +0900,bmi,21.7,PICOOC
2021-09-14,2021-09-14 09:07:29 +0900,body_fat_pct,30.7,PICOOC
2021-09-14,2021-09-14 09:07:29 +0900,body_mass_kg,62.0,PICOOC
2021-09-14,2021-09-14 09:07:29 +0900,lean_body_mass_kg,42.9,PICOOC
2021-09-16,2021-09-16 08:48:58 +0900,bmi,21.6,PICOOC
2021-09-16,2021-09-16 08:48:58 +0900,body_fat_pct,32.7,PICOOC
2021-09-16,2021-09-16 08:48:58 +0900,body_mass_kg,61.6,PICOOC
2021-09-16,2021-09-16 08:48:58 +0900,lean_body_mass_kg,41.4,PICOOC
2021-09-23,2021-09-23 11:01:35 +0900,bmi,21.7,PICOOC
2021-09-23,2021-09-23 11:01:35 +0900,body_fat_pct,31.7,PICOOC
2021-09-23,2021-09-23 11:01:35 +0900,body_mass_kg,62.0,PICOOC
2021-09-23,2021-09-23 11:01:35 +0900,lean_body_mass_kg,42.4,PICOOC
2021-11-05,2021-11-05 15:22:28 +0900,body_mass_kg,62.0,Ju mini
2021-11-21,2021-11-21 03:46:52 +0900,bmi,22.7,PICOOC
2021-11-21,2021-11-21 03:46:52 +0900,body_fat_pct,32.8,PICOOC
2021-11-21,2021-11-21 03:46:52 +0900,body_mass_kg,64.8,PICOOC
2021-11-21,2021-11-21 03:46:52 +0900,lean_body_mass_kg,43.5,PICOOC
2021-12-02,2021-12-02 14:20:26 +0900,bmi,22.3,PICOOC
2021-12-02,2021-12-02 14:20:26 +0900,body_fat_pct,32.9,PICOOC
2021-12-02,2021-12-02 14:20:26 +0900,body_mass_kg,63.6,PICOOC
2021-12-02,2021-12-02 14:20:26 +0900,lean_body_mass_kg,42.7,PICOOC
2021-12-08,2021-12-08 09:32:51 +0900,bmi,22.4,PICOOC
2021-12-08,2021-12-08 09:32:51 +0900,body_fat_pct,33.2,PICOOC
2021-12-08,2021-12-08 09:32:51 +0900,body_mass_kg,64.1,PICOOC
2021-12-08,2021-12-08 09:32:51 +0900,lean_body_mass_kg,42.8,PICOOC
2021-12-13,2021-12-13 09:44:35 +0900,bmi,22.3,PICOOC
2021-12-13,2021-12-13 09:44:35 +0900,body_fat_pct,31.6,PICOOC
2021-12-13,2021-12-13 09:44:35 +0900,body_mass_kg,63.8,PICOOC
2021-12-13,2021-12-13 09:44:35 +0900,lean_body_mass_kg,43.6,PICOOC
2021-12-15,2021-12-15 09:48:37 +0900,bmi,22.2,PICOOC
2021-12-15,2021-12-15 09:48:37 +0900,body_fat_pct,32.2,PICOOC
2021-12-15,2021-12-15 09:48:37 +0900,body_mass_kg,63.3,PICOOC
2021-12-15,2021-12-15 09:48:37 +0900,lean_body_mass_kg,42.9,PICOOC
2022-01-24,2022-01-24 10:30:25 +0900,bmi,22.7,PICOOC
2022-01-24,2022-01-24 10:30:25 +0900,body_fat_pct,30.8,PICOOC
2022-01-24,2022-01-24 10:30:25 +0900,body_mass_kg,64.7,PICOOC
2022-01-24,2022-01-24 10:30:25 +0900,lean_body_mass_kg,44.8,PICOOC
2022-02-04,2022-02-04 04:42:28 +0900,bmi,22.4,PICOOC
2022-02-04,2022-02-04 04:42:28 +0900,body_fat_pct,33.5,PICOOC
2022-02-04,2022-02-04 04:42:28 +0900,body_mass_kg,63.9,PICOOC
2022-02-04,2022-02-04 04:42:28 +0900,lean_body_mass_kg,42.5,PICOOC
2022-02-04,2022-02-04 04:43:36 +0900,bmi,22.4,PICOOC
2022-02-04,2022-02-04 04:43:36 +0900,body_fat_pct,33.5,PICOOC
2022-02-04,2022-02-04 04:43:36 +0900,body_mass_kg,63.9,PICOOC
2022-02-04,2022-02-04 04:43:36 +0900,lean_body_mass_kg,42.5,PICOOC
2022-02-04,2022-02-04 12:01:10 +0900,bmi,22.4,PICOOC
2022-02-04,2022-02-04 12:01:10 +0900,body_fat_pct,33.0,PICOOC
2022-02-04,2022-02-04 12:01:10 +0900,body_mass_kg,63.9,PICOOC
2022-02-04,2022-02-04 12:01:10 +0900,lean_body_mass_kg,42.8,PICOOC
2022-02-05,2022-02-05 07:59:05 +0900,bmi,22.4,PICOOC
2022-02-05,2022-02-05 07:59:05 +0900,body_fat_pct,32.2,PICOOC
2022-02-05,2022-02-05 07:59:05 +0900,body_mass_kg,64.1,PICOOC
2022-02-05,2022-02-05 07:59:05 +0900,lean_body_mass_kg,43.4,PICOOC
2022-02-06,2022-02-06 13:08:31 +0900,bmi,22.7,PICOOC
2022-02-06,2022-02-06 13:08:31 +0900,body_fat_pct,32.8,PICOOC
2022-02-06,2022-02-06 13:08:31 +0900,body_mass_kg,64.8,PICOOC
2022-02-06,2022-02-06 13:08:31 +0900,lean_body_mass_kg,43.5,PICOOC
2022-02-07,2022-02-07 08:21:18 +0900,bmi,22.5,PICOOC
2022-02-07,2022-02-07 08:21:18 +0900,body_fat_pct,31.4,PICOOC
2022-02-07,2022-02-07 08:21:18 +0900,body_mass_kg,64.3,PICOOC
2022-02-07,2022-02-07 08:21:18 +0900,lean_body_mass_kg,44.1,PICOOC
2022-02-25,2022-02-25 04:44:46 +0900,bmi,22.1,PICOOC
2022-02-25,2022-02-25 04:44:46 +0900,body_fat_pct,33.3,PICOOC
2022-02-25,2022-02-25 04:44:46 +0900,body_mass_kg,63.0,PICOOC
2022-02-25,2022-02-25 04:44:46 +0900,lean_body_mass_kg,42.0,PICOOC
2022-02-28,2022-02-28 02:16:19 +0900,bmi,22.3,PICOOC
2022-02-28,2022-02-28 02:16:19 +0900,body_fat_pct,32.9,PICOOC
2022-02-28,2022-02-28 02:16:19 +0900,body_mass_kg,63.6,PICOOC
2022-02-28,2022-02-28 02:16:19 +0900,lean_body_mass_kg,42.7,PICOOC
2022-03-23,2022-03-23 10:17:51 +0900,bmi,22.6,PICOOC
2022-03-23,2022-03-23 10:17:51 +0900,body_fat_pct,32.6,PICOOC
2022-03-23,2022-03-23 10:17:51 +0900,body_mass_kg,64.6,PICOOC
2022-03-23,2022-03-23 10:17:51 +0900,lean_body_mass_kg,43.5,PICOOC
2022-03-24,2022-03-24 08:24:55 +0900,bmi,22.7,PICOOC
2022-03-24,2022-03-24 08:24:55 +0900,body_fat_pct,32.7,PICOOC
2022-03-24,2022-03-24 08:24:55 +0900,body_mass_kg,64.7,PICOOC
2022-03-24,2022-03-24 08:24:55 +0900,lean_body_mass_kg,43.5,PICOOC
2022-03-26,2022-03-26 11:09:26 +0900,bmi,22.6,PICOOC
2022-03-26,2022-03-26 11:09:26 +0900,body_fat_pct,30.6,PICOOC
2022-03-26,2022-03-26 11:09:26 +0900,body_mass_kg,64.5,PICOOC
2022-03-26,2022-03-26 11:09:26 +0900,lean_body_mass_kg,44.8,PICOOC
2022-03-28,2022-03-28 23:59:15 +0900,bmi,22.6,PICOOC
2022-03-28,2022-03-28 23:59:15 +0900,body_fat_pct,31.7,PICOOC
2022-03-28,2022-03-28 23:59:15 +0900,body_mass_kg,64.6,PICOOC
2022-03-28,2022-03-28 23:59:15 +0900,lean_body_mass_kg,44.1,PICOOC
2022-03-29,2022-03-29 09:12:54 +0900,bmi,22.5,PICOOC
2022-03-29,2022-03-29 09:12:54 +0900,body_fat_pct,31.3,PICOOC
2022-03-29,2022-03-29 09:12:54 +0900,body_mass_kg,64.2,PICOOC
2022-03-29,2022-03-29 09:12:54 +0900,lean_body_mass_kg,44.1,PICOOC
2022-03-30,2022-03-30 10:20:33 +0900,bmi,22.6,PICOOC
2022-03-30,2022-03-30 10:20:33 +0900,body_fat_pct,31.2,PICOOC
2022-03-30,2022-03-30 10:20:33 +0900,body_mass_kg,64.6,PICOOC
2022-03-30,2022-03-30 10:20:33 +0900,lean_body_mass_kg,44.5,PICOOC
2022-04-01,2022-04-01 11:59:30 +0900,bmi,22.4,PICOOC
2022-04-01,2022-04-01 11:59:30 +0900,body_fat_pct,32.2,PICOOC
2022-04-01,2022-04-01 11:59:30 +0900,body_mass_kg,64.1,PICOOC
2022-04-01,2022-04-01 11:59:30 +0900,lean_body_mass_kg,43.4,PICOOC
2022-04-01,2022-04-01 12:01:15 +0900,bmi,22.4,PICOOC
2022-04-01,2022-04-01 12:01:15 +0900,body_fat_pct,32.0,PICOOC
2022-04-01,2022-04-01 12:01:15 +0900,body_mass_kg,63.9,PICOOC
2022-04-01,2022-04-01 12:01:15 +0900,lean_body_mass_kg,43.4,PICOOC
2022-04-13,2022-04-13 08:11:42 +0900,bmi,22.8,PICOOC
2022-04-13,2022-04-13 08:11:42 +0900,body_fat_pct,31.1,PICOOC
2022-04-13,2022-04-13 08:11:42 +0900,body_mass_kg,65.1,PICOOC
2022-04-13,2022-04-13 08:11:42 +0900,lean_body_mass_kg,44.8,PICOOC
2022-04-14,2022-04-14 08:11:31 +0900,bmi,22.7,PICOOC
2022-04-14,2022-04-14 08:11:31 +0900,body_fat_pct,30.3,PICOOC
2022-04-14,2022-04-14 08:11:31 +0900,body_mass_kg,64.7,PICOOC
2022-04-14,2022-04-14 08:11:31 +0900,lean_body_mass_kg,45.1,PICOOC
2022-04-14,2022-04-14 22:22:47 +0900,bmi,22.6,PICOOC
2022-04-14,2022-04-14 22:22:47 +0900,body_fat_pct,27.9,PICOOC
2022-04-14,2022-04-14 22:22:47 +0900,body_mass_kg,64.5,PICOOC
2022-04-14,2022-04-14 22:22:47 +0900,lean_body_mass_kg,46.5,PICOOC
2022-04-15,2022-04-15 02:01:09 +0900,bmi,22.5,PICOOC
2022-04-15,2022-04-15 02:01:09 +0900,body_fat_pct,30.5,PICOOC
2022-04-15,2022-04-15 02:01:09 +0900,body_mass_kg,64.4,PICOOC
2022-04-15,2022-04-15 02:01:09 +0900,lean_body_mass_kg,44.7,PICOOC
2022-04-16,2022-04-16 01:11:38 +0900,bmi,22.5,PICOOC
2022-04-16,2022-04-16 01:11:38 +0900,body_fat_pct,29.6,PICOOC
2022-04-16,2022-04-16 01:11:38 +0900,body_mass_kg,64.4,PICOOC
2022-04-16,2022-04-16 01:11:38 +0900,lean_body_mass_kg,45.4,PICOOC
2022-04-16,2022-04-16 10:15:03 +0900,bmi,22.4,PICOOC
2022-04-16,2022-04-16 10:15:03 +0900,body_fat_pct,30.4,PICOOC
2022-04-16,2022-04-16 10:15:03 +0900,body_mass_kg,64.1,PICOOC
2022-04-16,2022-04-16 10:15:03 +0900,lean_body_mass_kg,44.6,PICOOC
2022-04-17,2022-04-17 02:39:32 +0900,bmi,22.6,PICOOC
2022-04-17,2022-04-17 02:39:32 +0900,body_fat_pct,30.6,PICOOC
2022-04-17,2022-04-17 02:39:32 +0900,body_mass_kg,64.5,PICOOC
2022-04-17,2022-04-17 02:39:32 +0900,lean_body_mass_kg,44.8,PICOOC
2022-04-20,2022-04-20 00:37:29 +0900,bmi,22.8,PICOOC
2022-04-20,2022-04-20 00:37:29 +0900,body_fat_pct,29.1,PICOOC
2022-04-20,2022-04-20 00:37:29 +0900,body_mass_kg,65.1,PICOOC
2022-04-20,2022-04-20 00:37:29 +0900,lean_body_mass_kg,46.1,PICOOC
2022-04-20,2022-04-20 00:56:06 +0900,bmi,22.7,PICOOC
2022-04-20,2022-04-20 00:56:06 +0900,body_fat_pct,29.4,PICOOC
2022-04-20,2022-04-20 00:56:06 +0900,body_mass_kg,64.8,PICOOC
2022-04-20,2022-04-20 00:56:06 +0900,lean_body_mass_kg,45.8,PICOOC
2022-04-20,2022-04-20 09:10:05 +0900,bmi,22.6,PICOOC
2022-04-20,2022-04-20 09:10:05 +0900,body_fat_pct,31.1,PICOOC
2022-04-20,2022-04-20 09:10:05 +0900,body_mass_kg,64.5,PICOOC
2022-04-20,2022-04-20 09:10:05 +0900,lean_body_mass_kg,44.4,PICOOC
2022-05-08,2022-05-08 10:45:57 +0900,bmi,22.6,PICOOC
2022-05-08,2022-05-08 10:45:57 +0900,body_fat_pct,32.6,PICOOC
2022-05-08,2022-05-08 10:45:57 +0900,body_mass_kg,64.6,PICOOC
2022-05-08,2022-05-08 10:45:57 +0900,lean_body_mass_kg,43.5,PICOOC
2022-05-09,2022-05-09 09:42:53 +0900,bmi,22.6,PICOOC
2022-05-09,2022-05-09 09:42:53 +0900,body_fat_pct,32.6,PICOOC
2022-05-09,2022-05-09 09:42:53 +0900,body_mass_kg,64.6,PICOOC
2022-05-09,2022-05-09 09:42:53 +0900,lean_body_mass_kg,43.5,PICOOC
2022-05-24,2022-05-24 11:42:25 +0900,bmi,22.8,PICOOC
2022-05-24,2022-05-24 11:42:25 +0900,body_fat_pct,32.4,PICOOC
2022-05-24,2022-05-24 11:42:25 +0900,body_mass_kg,65.1,PICOOC
2022-05-24,2022-05-24 11:42:25 +0900,lean_body_mass_kg,44.0,PICOOC
2022-05-28,2022-05-28 01:49:10 +0900,bmi,22.9,PICOOC
2022-05-28,2022-05-28 01:49:10 +0900,body_fat_pct,30.3,PICOOC
2022-05-28,2022-05-28 01:49:10 +0900,body_mass_kg,65.3,PICOOC
2022-05-28,2022-05-28 01:49:10 +0900,lean_body_mass_kg,45.5,PICOOC
2022-05-30,2022-05-30 01:42:33 +0900,body_mass_kg,65.3,단식 추적기
2022-05-30,2022-05-30 01:54:49 +0900,body_mass_kg,65.3,단식 추적기
2022-05-30,2022-05-30 01:54:49 +0900,body_mass_kg,65.3,단식 추적기
2022-05-30,2022-05-30 17:05:01 +0900,bmi,22.5,PICOOC
2022-05-30,2022-05-30 17:05:01 +0900,body_fat_pct,32.3,PICOOC
2022-05-30,2022-05-30 17:05:01 +0900,body_mass_kg,64.2,PICOOC
2022-05-30,2022-05-30 17:05:01 +0900,lean_body_mass_kg,43.5,PICOOC
2022-05-31,2022-05-31 07:53:33 +0900,bmi,22.4,PICOOC
2022-05-31,2022-05-31 07:53:33 +0900,body_fat_pct,33.1,PICOOC
2022-05-31,2022-05-31 07:53:33 +0900,body_mass_kg,64.0,PICOOC
2022-05-31,2022-05-31 07:53:33 +0900,lean_body_mass_kg,42.8,PICOOC
2022-06-03,2022-06-03 10:58:16 +0900,bmi,22.4,PICOOC
2022-06-03,2022-06-03 10:58:16 +0900,body_fat_pct,31.6,PICOOC
2022-06-03,2022-06-03 10:58:16 +0900,body_mass_kg,63.9,PICOOC
2022-06-03,2022-06-03 10:58:16 +0900,lean_body_mass_kg,43.7,PICOOC
2022-06-04,2022-06-04 23:54:45 +0900,bmi,22.4,PICOOC
2022-06-04,2022-06-04 23:54:45 +0900,body_fat_pct,31.2,PICOOC
2022-06-04,2022-06-04 23:54:45 +0900,body_mass_kg,64.0,PICOOC
2022-06-04,2022-06-04 23:54:45 +0900,lean_body_mass_kg,44.1,PICOOC
2022-06-04,2022-06-04 23:57:30 +0900,body_mass_kg,64.0,단식 추적기
2022-06-05,2022-06-05 10:07:49 +0900,bmi,22.4,PICOOC
2022-06-05,2022-06-05 10:07:49 +0900,body_fat_pct,31.2,PICOOC
2022-06-05,2022-06-05 10:07:49 +0900,body_mass_kg,64.0,PICOOC
2022-06-05,2022-06-05 10:07:49 +0900,lean_body_mass_kg,44.1,PICOOC
2022-06-07,2022-06-07 08:07:01 +0900,bmi,22.4,PICOOC
2022-06-07,2022-06-07 08:07:01 +0900,body_fat_pct,31.2,PICOOC
2022-06-07,2022-06-07 08:07:01 +0900,body_mass_kg,64.0,PICOOC
2022-06-07,2022-06-07 08:07:01 +0900,lean_body_mass_kg,44.1,PICOOC
2022-06-09,2022-06-09 12:38:37 +0900,bmi,22.3,PICOOC
2022-06-09,2022-06-09 12:38:37 +0900,body_fat_pct,32.4,PICOOC
2022-06-09,2022-06-09 12:38:37 +0900,body_mass_kg,63.7,PICOOC
2022-06-09,2022-06-09 12:38:37 +0900,lean_body_mass_kg,43.1,PICOOC
2022-06-10,2022-06-10 09:29:32 +0900,bmi,22.0,PICOOC
2022-06-10,2022-06-10 09:29:32 +0900,body_fat_pct,32.7,PICOOC
2022-06-10,2022-06-10 09:29:32 +0900,body_mass_kg,62.8,PICOOC
2022-06-10,2022-06-10 09:29:32 +0900,lean_body_mass_kg,42.3,PICOOC
2022-06-11,2022-06-11 12:20:17 +0900,bmi,21.9,PICOOC
2022-06-11,2022-06-11 12:20:17 +0900,body_fat_pct,31.6,PICOOC
2022-06-11,2022-06-11 12:20:17 +0900,body_mass_kg,62.6,PICOOC
2022-06-11,2022-06-11 12:20:17 +0900,lean_body_mass_kg,42.8,PICOOC
2022-06-14,2022-06-14 07:03:02 +0900,bmi,22.1,PICOOC
2022-06-14,2022-06-14 07:03:02 +0900,body_fat_pct,30.5,PICOOC
2022-06-14,2022-06-14 07:03:02 +0900,body_mass_kg,63.0,PICOOC
2022-06-14,2022-06-14 07:03:02 +0900,lean_body_mass_kg,43.8,PICOOC
2022-06-15,2022-06-15 14:08:40 +0900,bmi,22.0,PICOOC
2022-06-15,2022-06-15 14:08:40 +0900,body_fat_pct,31.3,PICOOC
2022-06-15,2022-06-15 14:08:40 +0900,body_mass_kg,62.9,PICOOC
2022-06-15,2022-06-15 14:08:40 +0900,lean_body_mass_kg,43.2,PICOOC
2022-06-16,2022-06-16 08:45:19 +0900,bmi,21.9,PICOOC
2022-06-16,2022-06-16 08:45:19 +0900,body_fat_pct,32.0,PICOOC
2022-06-16,2022-06-16 08:45:19 +0900,body_mass_kg,62.6,PICOOC
2022-06-16,2022-06-16 08:45:19 +0900,lean_body_mass_kg,42.5,PICOOC
2022-06-17,2022-06-17 08:46:21 +0900,bmi,21.8,PICOOC
2022-06-17,2022-06-17 08:46:21 +0900,body_fat_pct,31.9,PICOOC
2022-06-17,2022-06-17 08:46:21 +0900,body_mass_kg,62.4,PICOOC
2022-06-17,2022-06-17 08:46:21 +0900,lean_body_mass_kg,42.5,PICOOC
2022-06-20,2022-06-20 00:21:24 +0900,bmi,22.2,PICOOC
2022-06-20,2022-06-20 00:21:24 +0900,body_fat_pct,29.9,PICOOC
2022-06-20,2022-06-20 00:21:24 +0900,body_mass_kg,63.4,PICOOC
2022-06-20,2022-06-20 00:21:24 +0900,lean_body_mass_kg,44.5,PICOOC
2022-06-20,2022-06-20 10:15:47 +0900,bmi,22.0,PICOOC
2022-06-20,2022-06-20 10:15:47 +0900,body_fat_pct,32.2,PICOOC
2022-06-20,2022-06-20 10:15:47 +0900,body_mass_kg,62.8,PICOOC
2022-06-20,2022-06-20 10:15:47 +0900,lean_body_mass_kg,42.6,PICOOC
2022-06-20,2022-06-20 10:17:26 +0900,bmi,22.0,PICOOC
2022-06-20,2022-06-20 10:17:26 +0900,body_fat_pct,32.2,PICOOC
2022-06-20,2022-06-20 10:17:26 +0900,body_mass_kg,62.8,PICOOC
2022-06-20,2022-06-20 10:17:26 +0900,lean_body_mass_kg,42.6,PICOOC
2022-06-21,2022-06-21 09:06:31 +0900,bmi,22.3,PICOOC
2022-06-21,2022-06-21 09:06:31 +0900,body_fat_pct,30.5,PICOOC
2022-06-21,2022-06-21 09:06:31 +0900,body_mass_kg,63.6,PICOOC
2022-06-21,2022-06-21 09:06:31 +0900,lean_body_mass_kg,44.2,PICOOC
2022-06-21,2022-06-21 12:01:26 +0900,bmi,22.2,PICOOC
2022-06-21,2022-06-21 12:01:26 +0900,body_fat_pct,30.8,PICOOC
2022-06-21,2022-06-21 12:01:26 +0900,body_mass_kg,63.4,PICOOC
2022-06-21,2022-06-21 12:01:26 +0900,lean_body_mass_kg,43.9,PICOOC
2022-06-22,2022-06-22 09:52:24 +0900,bmi,22.2,PICOOC
2022-06-22,2022-06-22 09:52:24 +0900,body_fat_pct,30.8,PICOOC
2022-06-22,2022-06-22 09:52:24 +0900,body_mass_kg,63.4,PICOOC
2022-06-22,2022-06-22 09:52:24 +0900,lean_body_mass_kg,43.9,PICOOC
2022-06-23,2022-06-23 10:37:42 +0900,bmi,22.1,PICOOC
2022-06-23,2022-06-23 10:37:42 +0900,body_fat_pct,31.0,PICOOC
2022-06-23,2022-06-23 10:37:42 +0900,body_mass_kg,63.0,PICOOC
2022-06-23,2022-06-23 10:37:42 +0900,lean_body_mass_kg,43.5,PICOOC
2022-06-23,2022-06-23 11:18:21 +0900,bmi,22.0,PICOOC
2022-06-23,2022-06-23 11:18:21 +0900,body_fat_pct,30.9,PICOOC
2022-06-23,2022-06-23 11:18:21 +0900,body_mass_kg,62.9,PICOOC
2022-06-23,2022-06-23 11:18:21 +0900,lean_body_mass_kg,43.5,PICOOC
2022-06-24,2022-06-24 01:02:05 +0900,bmi,21.9,PICOOC
2022-06-24,2022-06-24 01:02:05 +0900,body_fat_pct,30.7,PICOOC
2022-06-24,2022-06-24 01:02:05 +0900,body_mass_kg,62.5,PICOOC
2022-06-24,2022-06-24 01:02:05 +0900,lean_body_mass_kg,43.3,PICOOC
2022-06-24,2022-06-24 10:27:29 +0900,bmi,21.8,PICOOC
2022-06-24,2022-06-24 10:27:29 +0900,body_fat_pct,31.8,PICOOC
2022-06-24,2022-06-24 10:27:29 +0900,body_mass_kg,62.2,PICOOC
2022-06-24,2022-06-24 10:27:29 +0900,lean_body_mass_kg,42.4,PICOOC
2022-06-26,2022-06-26 09:24:10 +0900,bmi,21.8,PICOOC
2022-06-26,2022-06-26 09:24:10 +0900,body_fat_pct,31.0,PICOOC
2022-06-26,2022-06-26 09:24:10 +0900,body_mass_kg,62.3,PICOOC
2022-06-26,2022-06-26 09:24:10 +0900,lean_body_mass_kg,43.0,PICOOC
2022-06-26,2022-06-26 09:52:03 +0900,bmi,21.8,PICOOC
2022-06-26,2022-06-26 09:52:03 +0900,body_fat_pct,30.9,PICOOC
2022-06-26,2022-06-26 09:52:03 +0900,body_mass_kg,62.2,PICOOC
2022-06-26,2022-06-26 09:52:03 +0900,lean_body_mass_kg,43.0,PICOOC
2022-06-27,2022-06-27 02:56:24 +0900,bmi,22.0,PICOOC
2022-06-27,2022-06-27 02:56:24 +0900,body_fat_pct,29.5,PICOOC
2022-06-27,2022-06-27 02:56:24 +0900,body_mass_kg,62.8,PICOOC
2022-06-27,2022-06-27 02:56:24 +0900,lean_body_mass_kg,44.3,PICOOC
2022-06-27,2022-06-27 10:18:09 +0900,bmi,21.8,PICOOC
2022-06-27,2022-06-27 10:18:09 +0900,body_fat_pct,31.0,PICOOC
2022-06-27,2022-06-27 10:18:09 +0900,body_mass_kg,62.3,PICOOC
2022-06-27,2022-06-27 10:18:09 +0900,lean_body_mass_kg,43.0,PICOOC
2022-06-28,2022-06-28 10:04:41 +0900,bmi,21.8,PICOOC
2022-06-28,2022-06-28 10:04:41 +0900,body_fat_pct,30.6,PICOOC
2022-06-28,2022-06-28 10:04:41 +0900,body_mass_kg,62.4,PICOOC
2022-06-28,2022-06-28 10:04:41 +0900,lean_body_mass_kg,43.3,PICOOC
2022-06-29,2022-06-29 11:27:11 +0900,bmi,21.9,PICOOC
2022-06-29,2022-06-29 11:27:11 +0900,body_fat_pct,30.3,PICOOC
2022-06-29,2022-06-29 11:27:11 +0900,body_mass_kg,62.6,PICOOC
2022-06-29,2022-06-29 11:27:11 +0900,lean_body_mass_kg,43.6,PICOOC
2022-06-29,2022-06-29 22:11:49 +0900,bmi,21.8,PICOOC
2022-06-29,2022-06-29 22:11:49 +0900,body_fat_pct,30.0,PICOOC
2022-06-29,2022-06-29 22:11:49 +0900,body_mass_kg,62.2,PICOOC
2022-06-29,2022-06-29 22:11:49 +0900,lean_body_mass_kg,43.6,PICOOC
2022-07-01,2022-07-01 10:01:43 +0900,bmi,21.5,PICOOC
2022-07-01,2022-07-01 10:01:43 +0900,body_fat_pct,32.2,PICOOC
2022-07-01,2022-07-01 10:01:43 +0900,body_mass_kg,61.5,PICOOC
2022-07-01,2022-07-01 10:01:43 +0900,lean_body_mass_kg,41.7,PICOOC
2022-07-01,2022-07-01 14:58:37 +0900,bmi,21.5,PICOOC
2022-07-01,2022-07-01 14:58:37 +0900,body_fat_pct,32.0,PICOOC
2022-07-01,2022-07-01 14:58:37 +0900,body_mass_kg,61.3,PICOOC
2022-07-01,2022-07-01 14:58:37 +0900,lean_body_mass_kg,41.7,PICOOC
2022-07-03,2022-07-03 07:07:36 +0900,bmi,21.6,PICOOC
2022-07-03,2022-07-03 07:07:36 +0900,body_fat_pct,31.4,PICOOC
2022-07-03,2022-07-03 07:07:36 +0900,body_mass_kg,61.7,PICOOC
2022-07-03,2022-07-03 07:07:36 +0900,lean_body_mass_kg,42.3,PICOOC
2022-07-04,2022-07-04 10:34:00 +0900,bmi,21.7,PICOOC
2022-07-04,2022-07-04 10:34:00 +0900,body_fat_pct,31.2,PICOOC
2022-07-04,2022-07-04 10:34:00 +0900,body_mass_kg,62.0,PICOOC
2022-07-04,2022-07-04 10:34:00 +0900,lean_body_mass_kg,42.7,PICOOC
2022-07-05,2022-07-05 08:25:34 +0900,bmi,21.6,PICOOC
2022-07-05,2022-07-05 08:25:34 +0900,body_fat_pct,30.2,PICOOC
2022-07-05,2022-07-05 08:25:34 +0900,body_mass_kg,61.7,PICOOC
2022-07-05,2022-07-05 08:25:34 +0900,lean_body_mass_kg,43.1,PICOOC
2022-07-05,2022-07-05 20:28:30 +0900,bmi,21.5,PICOOC
2022-07-05,2022-07-05 20:28:30 +0900,body_fat_pct,27.7,PICOOC
2022-07-05,2022-07-05 20:28:30 +0900,body_mass_kg,61.5,PICOOC
2022-07-05,2022-07-05 20:28:30 +0900,lean_body_mass_kg,44.5,PICOOC
2022-07-06,2022-07-06 05:20:02 +0900,bmi,21.4,PICOOC
2022-07-06,2022-07-06 05:20:02 +0900,body_fat_pct,30.2,PICOOC
2022-07-06,2022-07-06 05:20:02 +0900,body_mass_kg,61.2,PICOOC
2022-07-06,2022-07-06 05:20:02 +0900,lean_body_mass_kg,42.7,PICOOC
2022-07-06,2022-07-06 05:22:02 +0900,body_mass_kg,61.2,단식 추적기
2022-07-11,2022-07-11 00:29:32 +0900,bmi,22.2,PICOOC
2022-07-11,2022-07-11 00:29:32 +0900,body_fat_pct,26.7,PICOOC
2022-07-11,2022-07-11 00:29:32 +0900,body_mass_kg,63.4,PICOOC
2022-07-11,2022-07-11 00:29:32 +0900,lean_body_mass_kg,46.5,PICOOC
2022-07-11,2022-07-11 09:55:13 +0900,bmi,22.0,PICOOC
2022-07-11,2022-07-11 09:55:13 +0900,body_fat_pct,29.1,PICOOC
2022-07-11,2022-07-11 09:55:13 +0900,body_mass_kg,62.9,PICOOC
2022-07-11,2022-07-11 09:55:13 +0900,lean_body_mass_kg,44.6,PICOOC
2022-07-12,2022-07-12 08:56:01 +0900,bmi,21.9,PICOOC
2022-07-12,2022-07-12 08:56:01 +0900,body_fat_pct,30.7,PICOOC
2022-07-12,2022-07-12 08:56:01 +0900,body_mass_kg,62.5,PICOOC
2022-07-12,2022-07-12 08:56:01 +0900,lean_body_mass_kg,43.3,PICOOC
2022-07-12,2022-07-12 10:19:44 +0900,bmi,22.22,InBody
2022-07-12,2022-07-12 10:19:44 +0900,body_fat_pct,28.6,InBody
2022-07-12,2022-07-12 10:19:44 +0900,body_mass_kg,62.8,InBody
2022-07-12,2022-07-12 10:19:44 +0900,lean_body_mass_kg,44.8,InBody
2022-07-13,2022-07-13 09:44:15 +0900,bmi,21.8,PICOOC
2022-07-13,2022-07-13 09:44:15 +0900,body_fat_pct,31.9,PICOOC
2022-07-13,2022-07-13 09:44:15 +0900,body_mass_kg,62.3,PICOOC
2022-07-13,2022-07-13 09:44:15 +0900,lean_body_mass_kg,42.4,PICOOC
2022-07-28,2022-07-28 00:57:43 +0900,bmi,21.4,PICOOC
2022-07-28,2022-07-28 00:57:43 +0900,body_fat_pct,26.7,PICOOC
2022-07-28,2022-07-28 00:57:43 +0900,body_mass_kg,61.2,PICOOC
2022-07-28,2022-07-28 00:57:43 +0900,lean_body_mass_kg,44.8,PICOOC
2022-07-28,2022-07-28 08:53:44 +0900,bmi,21.2,PICOOC
2022-07-28,2022-07-28 08:53:44 +0900,body_fat_pct,29.7,PICOOC
2022-07-28,2022-07-28 08:53:44 +0900,body_mass_kg,60.6,PICOOC
2022-07-28,2022-07-28 08:53:44 +0900,lean_body_mass_kg,42.6,PICOOC
2022-07-30,2022-07-30 17:38:40 +0900,bmi,21.0,PICOOC
2022-07-30,2022-07-30 17:38:40 +0900,body_fat_pct,31.2,PICOOC
2022-07-30,2022-07-30 17:38:40 +0900,body_mass_kg,60.0,PICOOC
2022-07-30,2022-07-30 17:38:40 +0900,lean_body_mass_kg,41.3,PICOOC
2022-07-30,2022-07-30 23:59:59 +0900,body_mass_kg,60.0,단식 추적기
2022-08-01,2022-08-01 07:36:34 +0900,bmi,20.9,PICOOC
2022-08-01,2022-08-01 07:36:34 +0900,body_fat_pct,30.5,PICOOC
2022-08-01,2022-08-01 07:36:34 +0900,body_mass_kg,59.8,PICOOC
2022-08-01,2022-08-01 07:36:34 +0900,lean_body_mass_kg,41.5,PICOOC
2022-08-02,2022-08-02 10:04:17 +0900,bmi,21.0,PICOOC
2022-08-02,2022-08-02 10:04:17 +0900,body_fat_pct,29.7,PICOOC
2022-08-02,2022-08-02 10:04:17 +0900,body_mass_kg,59.9,PICOOC
2022-08-02,2022-08-02 10:04:17 +0900,lean_body_mass_kg,42.1,PICOOC
2022-08-03,2022-08-03 19:22:48 +0900,body_mass_kg,59.9,단식 추적기
2022-08-04,2022-08-04 07:25:45 +0900,bmi,21.1,PICOOC
2022-08-04,2022-08-04 07:25:45 +0900,body_fat_pct,30.4,PICOOC
2022-08-04,2022-08-04 07:25:45 +0900,body_mass_kg,60.2,PICOOC
2022-08-04,2022-08-04 07:25:45 +0900,lean_body_mass_kg,41.9,PICOOC
2022-08-04,2022-08-04 18:46:00 +0900,body_mass_kg,60.2,단식 추적기
2022-08-05,2022-08-05 09:28:08 +0900,bmi,20.9,PICOOC
2022-08-05,2022-08-05 09:28:08 +0900,body_fat_pct,30.0,PICOOC
2022-08-05,2022-08-05 09:28:08 +0900,body_mass_kg,59.7,PICOOC
2022-08-05,2022-08-05 09:28:08 +0900,lean_body_mass_kg,41.8,PICOOC
2022-08-05,2022-08-05 12:57:32 +0900,body_mass_kg,59.7,단식 추적기
2022-08-06,2022-08-06 14:23:55 +0900,bmi,21.1,PICOOC
2022-08-06,2022-08-06 14:23:55 +0900,body_fat_pct,31.3,PICOOC
2022-08-06,2022-08-06 14:23:55 +0900,body_mass_kg,60.4,PICOOC
2022-08-06,2022-08-06 14:23:55 +0900,lean_body_mass_kg,41.5,PICOOC
2022-08-08,2022-08-08 09:25:35 +0900,bmi,21.0,PICOOC
2022-08-08,2022-08-08 09:25:35 +0900,body_fat_pct,29.4,PICOOC
2022-08-08,2022-08-08 09:25:35 +0900,body_mass_kg,60.1,PICOOC
2022-08-08,2022-08-08 09:25:35 +0900,lean_body_mass_kg,42.4,PICOOC
2022-08-08,2022-08-08 23:59:59 +0900,body_mass_kg,60.1,단식 추적기
2022-08-10,2022-08-10 19:12:53 +0900,body_mass_kg,60.1,단식 추적기
2022-08-11,2022-08-11 10:01:47 +0900,bmi,21.1,PICOOC
2022-08-11,2022-08-11 10:01:47 +0900,body_fat_pct,30.4,PICOOC
2022-08-11,2022-08-11 10:01:47 +0900,body_mass_kg,60.4,PICOOC
2022-08-11,2022-08-11 10:01:47 +0900,lean_body_mass_kg,42.0,PICOOC
2022-08-11,2022-08-11 14:13:12 +0900,body_mass_kg,60.4,단식 추적기
2022-08-12,2022-08-12 05:23:26 +0900,bmi,21.1,PICOOC
2022-08-12,2022-08-12 05:23:26 +0900,body_fat_pct,30.7,PICOOC
2022-08-12,2022-08-12 05:23:26 +0900,body_mass_kg,60.2,PICOOC
2022-08-12,2022-08-12 05:23:26 +0900,lean_body_mass_kg,41.7,PICOOC
2022-08-12,2022-08-12 11:32:32 +0900,bmi,21.0,PICOOC
2022-08-12,2022-08-12 11:32:32 +0900,body_fat_pct,30.7,PICOOC
2022-08-12,2022-08-12 11:32:32 +0900,body_mass_kg,60.0,PICOOC
2022-08-12,2022-08-12 11:32:32 +0900,lean_body_mass_kg,41.6,PICOOC
2022-08-12,2022-08-12 15:50:27 +0900,body_mass_kg,60.0,단식 추적기
2022-08-13,2022-08-13 12:55:42 +0900,body_mass_kg,60.0,단식 추적기
2022-08-16,2022-08-16 12:10:29 +0900,bmi,21.3,PICOOC
2022-08-16,2022-08-16 12:10:29 +0900,body_fat_pct,29.5,PICOOC
2022-08-16,2022-08-16 12:10:29 +0900,body_mass_kg,60.9,PICOOC
2022-08-16,2022-08-16 12:10:29 +0900,lean_body_mass_kg,42.9,PICOOC
2022-08-16,2022-08-16 14:12:03 +0900,body_mass_kg,60.9,단식 추적기
2022-08-17,2022-08-17 09:51:42 +0900,bmi,21.3,InBody
2022-08-17,2022-08-17 09:51:42 +0900,body_fat_pct,26.8,InBody
2022-08-17,2022-08-17 09:51:42 +0900,body_mass_kg,60.2,InBody
2022-08-17,2022-08-17 09:51:42 +0900,lean_body_mass_kg,44.1,InBody
2022-08-17,2022-08-17 10:14:59 +0900,body_mass_kg,60.2,단식 추적기
2022-08-17,2022-08-17 13:40:43 +0900,body_mass_kg,60.2,단식 추적기
2022-08-18,2022-08-18 13:42:59 +0900,body_mass_kg,60.2,단식 추적기
2022-08-22,2022-08-22 09:40:36 +0900,bmi,21.4,InBody
2022-08-22,2022-08-22 09:40:36 +0900,body_fat_pct,26.3,InBody
2022-08-22,2022-08-22 09:40:36 +0900,body_mass_kg,60.5,InBody
2022-08-22,2022-08-22 09:40:36 +0900,lean_body_mass_kg,44.6,InBody
2022-08-22,2022-08-22 12:42:52 +0900,body_mass_kg,60.5,단식 추적기
2022-08-23,2022-08-23 13:26:42 +0900,body_mass_kg,60.5,단식 추적기
2022-08-25,2022-08-25 09:35:42 +0900,bmi,21.4,InBody
2022-08-25,2022-08-25 09:35:42 +0900,body_fat_pct,28.0,InBody
2022-08-25,2022-08-25 09:35:42 +0900,body_mass_kg,60.4,InBody
2022-08-25,2022-08-25 09:35:42 +0900,lean_body_mass_kg,43.5,InBody
2022-08-26,2022-08-26 09:59:19 +0900,bmi,21.5,InBody
2022-08-26,2022-08-26 09:59:19 +0900,body_fat_pct,28.6,InBody
2022-08-26,2022-08-26 09:59:19 +0900,body_mass_kg,60.6,InBody
2022-08-26,2022-08-26 09:59:19 +0900,lean_body_mass_kg,43.3,InBody
2022-08-26,2022-08-26 17:41:35 +0900,body_mass_kg,60.5,단식 추적기
2022-08-27,2022-08-27 19:43:40 +0900,body_mass_kg,60.5,단식 추적기
2022-08-28,2022-08-28 20:50:18 +0900,body_mass_kg,60.5,단식 추적기
2022-08-29,2022-08-29 18:14:08 +0900,body_mass_kg,60.5,단식 추적기
2022-08-30,2022-08-30 10:57:19 +0900,bmi,21.4,InBody
2022-08-30,2022-08-30 10:57:19 +0900,body_fat_pct,27.8,InBody
2022-08-30,2022-08-30 10:57:19 +0900,body_mass_kg,60.5,InBody
2022-08-30,2022-08-30 10:57:19 +0900,lean_body_mass_kg,43.7,InBody
2022-08-30,2022-08-30 23:44:13 +0900,body_mass_kg,60.5,단식 추적기
2022-08-31,2022-08-31 16:04:30 +0900,body_mass_kg,60.5,단식 추적기
2022-09-01,2022-09-01 12:50:06 +0900,body_mass_kg,60.5,단식 추적기
2022-09-11,2022-09-11 14:47:35 +0900,bmi,21.4,InBody
2022-09-11,2022-09-11 14:47:35 +0900,body_fat_pct,27.0,InBody
2022-09-11,2022-09-11 14:47:35 +0900,body_mass_kg,60.4,InBody
2022-09-11,2022-09-11 14:47:35 +0900,lean_body_mass_kg,44.1,InBody
2022-09-19,2022-09-19 08:25:02 +0900,bmi,21.8,InBody
2022-09-19,2022-09-19 08:25:02 +0900,body_fat_pct,26.4,InBody
2022-09-19,2022-09-19 08:25:02 +0900,body_mass_kg,61.5,InBody
2022-09-19,2022-09-19 08:25:02 +0900,lean_body_mass_kg,45.3,InBody
2022-09-19,2022-09-19 08:26:34 +0900,bmi,21.8,InBody
2022-09-19,2022-09-19 08:26:34 +0900,body_fat_pct,27.2,InBody
2022-09-19,2022-09-19 08:26:34 +0900,body_mass_kg,61.5,InBody
2022-09-19,2022-09-19 08:26:34 +0900,lean_body_mass_kg,44.8,InBody
2022-09-19,2022-09-19 10:45:11 +0900,bmi,21.7,InBody
2022-09-19,2022-09-19 10:45:11 +0900,body_fat_pct,28.4,InBody
2022-09-19,2022-09-19 10:45:11 +0900,body_mass_kg,61.3,InBody
2022-09-19,2022-09-19 10:45:11 +0900,lean_body_mass_kg,43.9,InBody
2022-09-26,2022-09-26 10:38:44 +0900,bmi,21.5,InBody
2022-09-26,2022-09-26 10:38:44 +0900,body_fat_pct,27.9,InBody
2022-09-26,2022-09-26 10:38:44 +0900,body_mass_kg,60.6,InBody
2022-09-26,2022-09-26 10:38:44 +0900,lean_body_mass_kg,43.7,InBody
2022-09-27,2022-09-27 10:48:19 +0900,bmi,21.5,InBody
2022-09-27,2022-09-27 10:48:19 +0900,body_fat_pct,27.4,InBody
2022-09-27,2022-09-27 10:48:19 +0900,body_mass_kg,60.8,InBody
2022-09-27,2022-09-27 10:48:19 +0900,lean_body_mass_kg,44.1,InBody
2022-10-06,2022-10-06 11:52:23 +0900,bmi,22.0,InBody
2022-10-06,2022-10-06 11:52:23 +0900,body_fat_pct,27.5,InBody
2022-10-06,2022-10-06 11:52:23 +0900,body_mass_kg,62.0,InBody
2022-10-06,2022-10-06 11:52:23 +0900,lean_body_mass_kg,44.9,InBody
2022-10-15,2022-10-15 14:37:17 +0900,bmi,22.4,InBody
2022-10-15,2022-10-15 14:37:17 +0900,body_fat_pct,27.0,InBody
2022-10-15,2022-10-15 14:37:17 +0900,body_mass_kg,63.3,InBody
2022-10-15,2022-10-15 14:37:17 +0900,lean_body_mass_kg,46.2,InBody
2022-10-19,2022-10-19 09:53:09 +0900,bmi,21.9,InBody
2022-10-19,2022-10-19 09:53:09 +0900,body_fat_pct,30.1,InBody
2022-10-19,2022-10-19 09:53:09 +0900,body_mass_kg,61.9,InBody
2022-10-19,2022-10-19 09:53:09 +0900,lean_body_mass_kg,43.3,InBody
2022-10-27,2022-10-27 16:54:59 +0900,body_mass_kg,62.0,단식 추적기
2022-10-28,2022-10-28 16:31:23 +0900,body_mass_kg,62.0,단식 추적기
2022-10-29,2022-10-29 13:58:17 +0900,body_mass_kg,62.0,단식 추적기
2022-10-30,2022-10-30 17:41:31 +0900,body_mass_kg,62.0,단식 추적기
2022-10-31,2022-10-31 09:29:01 +0900,bmi,22.0,InBody
2022-10-31,2022-10-31 09:29:01 +0900,body_fat_pct,29.1,InBody
2022-10-31,2022-10-31 09:29:01 +0900,body_mass_kg,62.2,InBody
2022-10-31,2022-10-31 09:29:01 +0900,lean_body_mass_kg,44.1,InBody
2022-10-31,2022-10-31 14:16:41 +0900,body_mass_kg,62.0,단식 추적기
2022-10-31,2022-10-31 14:16:41 +0900,body_mass_kg,62.0,단식 추적기
2022-11-01,2022-11-01 08:09:12 +0900,bmi,21.8,InBody
2022-11-01,2022-11-01 08:09:12 +0900,body_fat_pct,28.8,InBody
2022-11-01,2022-11-01 08:09:12 +0900,body_mass_kg,61.5,InBody
2022-11-01,2022-11-01 08:09:12 +0900,lean_body_mass_kg,43.8,InBody
2022-11-01,2022-11-01 13:36:43 +0900,body_mass_kg,61.5,단식 추적기
2022-11-02,2022-11-02 17:11:29 +0900,body_mass_kg,61.5,단식 추적기
2022-11-02,2022-11-02 17:11:29 +0900,body_mass_kg,61.5,단식 추적기
2022-11-03,2022-11-03 09:52:50 +0900,bmi,22.0,InBody
2022-11-03,2022-11-03 09:52:50 +0900,body_fat_pct,28.7,InBody
2022-11-03,2022-11-03 09:52:50 +0900,body_mass_kg,62.2,InBody
2022-11-03,2022-11-03 09:52:50 +0900,lean_body_mass_kg,44.3,InBody
2022-11-03,2022-11-03 23:59:59 +0900,body_mass_kg,62.2,단식 추적기
2022-11-03,2022-11-03 23:59:59 +0900,body_mass_kg,62.2,단식 추적기
2022-11-04,2022-11-04 11:58:50 +0900,body_mass_kg,62.2,단식 추적기
2022-11-04,2022-11-04 11:58:50 +0900,body_mass_kg,62.2,단식 추적기
2022-11-05,2022-11-05 17:29:24 +0900,body_mass_kg,62.2,단식 추적기
2022-11-05,2022-11-05 17:29:24 +0900,body_mass_kg,62.2,단식 추적기
2022-11-07,2022-11-07 11:46:39 +0900,bmi,22.0,InBody
2022-11-07,2022-11-07 11:46:39 +0900,body_fat_pct,28.6,InBody
2022-11-07,2022-11-07 11:46:39 +0900,body_mass_kg,62.0,InBody
2022-11-07,2022-11-07 11:46:39 +0900,lean_body_mass_kg,44.3,InBody
2022-11-08,2022-11-08 13:40:07 +0900,body_mass_kg,62.0,단식 추적기
2022-11-08,2022-11-08 13:40:07 +0900,body_mass_kg,62.0,단식 추적기
2022-11-08,2022-11-08 15:00:24 +0900,bmi,22.17,InBody
2022-11-08,2022-11-08 15:00:24 +0900,body_fat_pct,28.1,InBody
2022-11-08,2022-11-08 15:00:24 +0900,body_mass_kg,62.8,InBody
2022-11-08,2022-11-08 15:00:24 +0900,lean_body_mass_kg,45.2,InBody
2022-11-09,2022-11-09 07:58:06 +0900,bmi,21.8,InBody
2022-11-09,2022-11-09 07:58:06 +0900,body_fat_pct,27.7,InBody
2022-11-09,2022-11-09 07:58:06 +0900,body_mass_kg,61.4,InBody
2022-11-09,2022-11-09 07:58:06 +0900,lean_body_mass_kg,44.4,InBody
2022-11-09,2022-11-09 14:10:07 +0900,body_mass_kg,61.4,단식 추적기
2022-11-09,2022-11-09 14:10:07 +0900,body_mass_kg,61.4,단식 추적기
2022-11-10,2022-11-10 14:39:36 +0900,body_mass_kg,61.4,단식 추적기
2022-11-10,2022-11-10 14:39:36 +0900,body_mass_kg,61.4,단식 추적기
2022-11-11,2022-11-11 12:33:02 +0900,bmi,21.8,InBody
2022-11-11,2022-11-11 12:33:02 +0900,body_fat_pct,28.6,InBody
2022-11-11,2022-11-11 12:33:02 +0900,body_mass_kg,61.5,InBody
2022-11-11,2022-11-11 12:33:02 +0900,lean_body_mass_kg,43.9,InBody
2022-11-11,2022-11-11 18:24:24 +0900,body_mass_kg,61.5,단식 추적기
2022-11-11,2022-11-11 18:24:24 +0900,body_mass_kg,61.5,단식 추적기
2022-11-12,2022-11-12 12:46:36 +0900,body_mass_kg,61.5,단식 추적기
2022-11-12,2022-11-12 12:46:36 +0900,body_mass_kg,61.5,단식 추적기
2022-11-12,2022-11-12 12:46:36 +0900,body_mass_kg,61.5,단식 추적기
2022-11-13,2022-11-13 13:55:06 +0900,body_mass_kg,61.5,단식 추적기
2022-11-13,2022-11-13 13:55:06 +0900,body_mass_kg,61.5,단식 추적기
2022-11-13,2022-11-13 13:55:06 +0900,body_mass_kg,61.5,단식 추적기
2022-11-14,2022-11-14 10:49:18 +0900,bmi,21.6,InBody
2022-11-14,2022-11-14 10:49:18 +0900,body_fat_pct,28.5,InBody
2022-11-14,2022-11-14 10:49:18 +0900,body_mass_kg,61.0,InBody
2022-11-14,2022-11-14 10:49:18 +0900,lean_body_mass_kg,43.6,InBody
2022-11-14,2022-11-14 14:02:49 +0900,body_mass_kg,61.0,단식 추적기
2022-11-14,2022-11-14 14:02:49 +0900,body_mass_kg,61.0,단식 추적기
2022-11-15,2022-11-15 20:14:39 +0900,body_mass_kg,61.0,단식 추적기
2022-11-15,2022-11-15 20:14:39 +0900,body_mass_kg,61.0,단식 추적기
2022-11-16,2022-11-16 14:20:07 +0900,body_mass_kg,61.0,단식 추적기
2022-11-16,2022-11-16 14:20:07 +0900,body_mass_kg,61.0,단식 추적기
2022-11-17,2022-11-17 14:27:26 +0900,body_mass_kg,61.0,단식 추적기
2022-11-17,2022-11-17 14:27:26 +0900,body_mass_kg,61.0,단식 추적기
2022-11-18,2022-11-18 13:05:38 +0900,body_mass_kg,61.0,단식 추적기
2022-11-18,2022-11-18 13:05:38 +0900,body_mass_kg,61.0,단식 추적기
2022-11-21,2022-11-21 08:43:30 +0900,bmi,21.8,InBody
2022-11-21,2022-11-21 08:43:30 +0900,body_fat_pct,27.4,InBody
2022-11-21,2022-11-21 08:43:30 +0900,body_mass_kg,61.6,InBody
2022-11-21,2022-11-21 08:43:30 +0900,lean_body_mass_kg,44.7,InBody
2022-11-21,2022-11-21 09:13:38 +0900,body_mass_kg,61.6,단식 추적기
2022-11-21,2022-11-21 09:13:38 +0900,body_mass_kg,61.6,단식 추적기
2022-11-22,2022-11-22 09:37:38 +0900,bmi,21.5,InBody
2022-11-22,2022-11-22 09:37:38 +0900,body_fat_pct,27.6,InBody
2022-11-22,2022-11-22 09:37:38 +0900,body_mass_kg,60.7,InBody
2022-11-22,2022-11-22 09:37:38 +0900,lean_body_mass_kg,43.9,InBody
2022-11-22,2022-11-22 15:10:51 +0900,body_mass_kg,60.7,단식 추적기
2022-11-22,2022-11-22 15:10:51 +0900,body_mass_kg,60.7,단식 추적기
2022-11-23,2022-11-23 13:53:14 +0900,body_mass_kg,60.7,단식 추적기
2022-11-23,2022-11-23 13:53:14 +0900,body_mass_kg,60.7,단식 추적기
2022-11-24,2022-11-24 14:59:20 +0900,body_mass_kg,60.7,단식 추적기
2022-11-24,2022-11-24 14:59:20 +0900,body_mass_kg,60.7,단식 추적기
2022-11-25,2022-11-25 19:53:53 +0900,body_mass_kg,60.7,단식 추적기
2022-11-25,2022-11-25 19:53:53 +0900,body_mass_kg,60.7,단식 추적기
2022-11-26,2022-11-26 15:16:06 +0900,body_mass_kg,60.7,단식 추적기
2022-11-26,2022-11-26 15:16:06 +0900,body_mass_kg,60.7,단식 추적기
2022-11-28,2022-11-28 01:25:09 +0900,bmi,21.4,InBody
2022-11-28,2022-11-28 01:25:09 +0900,body_fat_pct,25.5,InBody
2022-11-28,2022-11-28 01:25:09 +0900,body_mass_kg,60.4,InBody
2022-11-28,2022-11-28 01:25:09 +0900,lean_body_mass_kg,45.0,InBody
2022-11-28,2022-11-28 07:57:50 +0900,bmi,21.4,InBody
2022-11-28,2022-11-28 07:57:50 +0900,body_fat_pct,26.7,InBody
2022-11-28,2022-11-28 07:57:50 +0900,body_mass_kg,60.4,InBody
2022-11-28,2022-11-28 07:57:50 +0900,lean_body_mass_kg,44.3,InBody
2022-11-28,2022-11-28 13:58:44 +0900,body_mass_kg,60.4,단식 추적기
2022-11-29,2022-11-29 20:15:23 +0900,body_mass_kg,60.4,단식 추적기
2022-11-30,2022-11-30 14:54:08 +0900,body_mass_kg,60.4,단식 추적기
2022-12-01,2022-12-01 08:27:12 +0900,bmi,21.2,InBody
2022-12-01,2022-12-01 08:27:12 +0900,body_fat_pct,27.3,InBody
2022-12-01,2022-12-01 08:27:12 +0900,body_mass_kg,59.8,InBody
2022-12-01,2022-12-01 08:27:12 +0900,lean_body_mass_kg,43.5,InBody
2022-12-01,2022-12-01 21:31:11 +0900,body_mass_kg,59.8,단식 추적기
2022-12-02,2022-12-02 14:14:21 +0900,body_mass_kg,59.8,단식 추적기
2022-12-03,2022-12-03 13:04:19 +0900,body_mass_kg,59.8,단식 추적기
2022-12-04,2022-12-04 12:32:18 +0900,body_mass_kg,59.8,단식 추적기
2022-12-05,2022-12-05 09:43:43 +0900,bmi,21.3,InBody
2022-12-05,2022-12-05 09:43:43 +0900,body_fat_pct,27.0,InBody
2022-12-05,2022-12-05 09:43:43 +0900,body_mass_kg,60.0,InBody
2022-12-05,2022-12-05 09:43:43 +0900,lean_body_mass_kg,43.8,InBody
2022-12-05,2022-12-05 12:55:20 +0900,body_mass_kg,60.0,단식 추적기
2022-12-07,2022-12-07 17:53:56 +0900,body_mass_kg,60.0,단식 추적기
2022-12-15,2022-12-15 12:40:52 +0900,bmi,21.6,InBody
2022-12-15,2022-12-15 12:40:52 +0900,body_fat_pct,26.7,InBody
2022-12-15,2022-12-15 12:40:52 +0900,body_mass_kg,61.1,InBody
2022-12-15,2022-12-15 12:40:52 +0900,lean_body_mass_kg,44.8,InBody
2022-12-15,2022-12-15 17:44:12 +0900,body_mass_kg,61.1,단식 추적기
2022-12-16,2022-12-16 11:00:34 +0900,bmi,21.4,InBody
2022-12-16,2022-12-16 11:00:34 +0900,body_fat_pct,26.2,InBody
2022-12-16,2022-12-16 11:00:34 +0900,body_mass_kg,60.5,InBody
2022-12-16,2022-12-16 11:00:34 +0900,lean_body_mass_kg,44.6,InBody
2022-12-20,2022-12-20 08:57:49 +0900,bmi,21.3,InBody
2022-12-20,2022-12-20 08:57:49 +0900,body_fat_pct,26.6,InBody
2022-12-20,2022-12-20 08:57:49 +0900,body_mass_kg,60.2,InBody
2022-12-20,2022-12-20 08:57:49 +0900,lean_body_mass_kg,44.2,InBody
2022-12-23,2022-12-23 23:08:34 +0900,bmi,21.6,InBody
2022-12-23,2022-12-23 23:08:34 +0900,body_fat_pct,26.9,InBody
2022-12-23,2022-12-23 23:08:34 +0900,body_mass_kg,60.9,InBody
2022-12-23,2022-12-23 23:08:34 +0900,lean_body_mass_kg,44.5,InBody
2022-12-25,2022-12-25 13:18:44 +0900,bmi,21.4,InBody
2022-12-25,2022-12-25 13:18:44 +0900,body_fat_pct,26.0,InBody
2022-12-25,2022-12-25 13:18:44 +0900,body_mass_kg,60.3,InBody
2022-12-25,2022-12-25 13:18:44 +0900,lean_body_mass_kg,44.6,InBody
2022-12-27,2022-12-27 09:45:36 +0900,bmi,21.7,InBody
2022-12-27,2022-12-27 09:45:36 +0900,body_fat_pct,25.4,InBody
2022-12-27,2022-12-27 09:45:36 +0900,body_mass_kg,61.3,InBody
2022-12-27,2022-12-27 09:45:36 +0900,lean_body_mass_kg,45.7,InBody
2022-12-28,2022-12-28 09:29:08 +0900,bmi,21.5,InBody
2022-12-28,2022-12-28 09:29:08 +0900,body_fat_pct,25.1,InBody
2022-12-28,2022-12-28 09:29:08 +0900,body_mass_kg,60.8,InBody
2022-12-28,2022-12-28 09:29:08 +0900,lean_body_mass_kg,45.5,InBody
2022-12-29,2022-12-29 05:43:15 +0900,bmi,21.5,InBody
2022-12-29,2022-12-29 05:43:15 +0900,body_fat_pct,26.6,InBody
2022-12-29,2022-12-29 05:43:15 +0900,body_mass_kg,60.8,InBody
2022-12-29,2022-12-29 05:43:15 +0900,lean_body_mass_kg,44.6,InBody
2023-01-03,2023-01-03 09:35:30 +0900,bmi,21.6,InBody
2023-01-03,2023-01-03 09:35:30 +0900,body_fat_pct,24.8,InBody
2023-01-03,2023-01-03 09:35:30 +0900,body_mass_kg,61.0,InBody
2023-01-03,2023-01-03 09:35:30 +0900,lean_body_mass_kg,45.9,InBody
2023-01-03,2023-01-03 11:19:56 +0900,bmi,21.6,InBody
2023-01-03,2023-01-03 11:19:56 +0900,body_fat_pct,26.3,InBody
2023-01-03,2023-01-03 11:19:56 +0900,body_mass_kg,60.9,InBody
2023-01-03,2023-01-03 11:19:56 +0900,lean_body_mass_kg,44.9,InBody
2023-01-03,2023-01-03 12:15:38 +0900,body_mass_kg,60.9,단식 추적기
2023-01-06,2023-01-06 11:23:15 +0900,bmi,21.6,InBody
2023-01-06,2023-01-06 11:23:15 +0900,body_fat_pct,26.8,InBody
2023-01-06,2023-01-06 11:23:15 +0900,body_mass_kg,61.1,InBody
2023-01-06,2023-01-06 11:23:15 +0900,lean_body_mass_kg,44.7,InBody
2023-01-09,2023-01-09 08:25:44 +0900,bmi,21.4,InBody
2023-01-09,2023-01-09 08:25:44 +0900,body_fat_pct,25.8,InBody
2023-01-09,2023-01-09 08:25:44 +0900,body_mass_kg,60.3,InBody
2023-01-09,2023-01-09 08:25:44 +0900,lean_body_mass_kg,44.7,InBody
2023-01-12,2023-01-12 08:29:53 +0900,bmi,21.2,InBody
2023-01-12,2023-01-12 08:29:53 +0900,body_fat_pct,26.2,InBody
2023-01-12,2023-01-12 08:29:53 +0900,body_mass_kg,59.9,InBody
2023-01-12,2023-01-12 08:29:53 +0900,lean_body_mass_kg,44.2,InBody
2023-01-16,2023-01-16 10:08:04 +0900,bmi,21.3,InBody
2023-01-16,2023-01-16 10:08:04 +0900,body_fat_pct,25.9,InBody
2023-01-16,2023-01-16 10:08:04 +0900,body_mass_kg,60.1,InBody
2023-01-16,2023-01-16 10:08:04 +0900,lean_body_mass_kg,44.5,InBody
2023-01-17,2023-01-17 11:05:23 +0900,bmi,21.1,InBody
2023-01-17,2023-01-17 11:05:23 +0900,body_fat_pct,27.8,InBody
2023-01-17,2023-01-17 11:05:23 +0900,body_mass_kg,59.6,InBody
2023-01-17,2023-01-17 11:05:23 +0900,lean_body_mass_kg,43.0,InBody
2023-01-17,2023-01-17 11:37:12 +0900,bmi,21.0,InBody
2023-01-17,2023-01-17 11:37:12 +0900,body_fat_pct,24.9,InBody
2023-01-17,2023-01-17 11:37:12 +0900,body_mass_kg,59.4,InBody
2023-01-17,2023-01-17 11:37:12 +0900,lean_body_mass_kg,44.6,InBody
2023-02-04,2023-02-04 08:13:30 +0900,bmi,21.5,InBody
2023-02-04,2023-02-04 08:13:30 +0900,body_fat_pct,26.2,InBody
2023-02-04,2023-02-04 08:13:30 +0900,body_mass_kg,60.6,InBody
2023-02-04,2023-02-04 08:13:30 +0900,lean_body_mass_kg,44.7,InBody
2023-02-08,2023-02-08 09:35:23 +0900,bmi,21.2,InBody
2023-02-08,2023-02-08 09:35:23 +0900,body_fat_pct,26.5,InBody
2023-02-08,2023-02-08 09:35:23 +0900,body_mass_kg,59.9,InBody
2023-02-08,2023-02-08 09:35:23 +0900,lean_body_mass_kg,44.0,InBody
2023-02-17,2023-02-17 07:36:33 +0900,bmi,21.4,InBody
2023-02-17,2023-02-17 07:36:33 +0900,body_fat_pct,25.4,InBody
2023-02-17,2023-02-17 07:36:33 +0900,body_mass_kg,60.5,InBody
2023-02-17,2023-02-17 07:36:33 +0900,lean_body_mass_kg,45.1,InBody
2023-02-23,2023-02-23 10:31:25 +0900,bmi,21.7,InBody
2023-02-23,2023-02-23 10:31:25 +0900,body_fat_pct,26.8,InBody
2023-02-23,2023-02-23 10:31:25 +0900,body_mass_kg,61.3,InBody
2023-02-23,2023-02-23 10:31:25 +0900,lean_body_mass_kg,44.9,InBody
2023-02-28,2023-02-28 11:21:19 +0900,bmi,21.6,InBody
2023-02-28,2023-02-28 11:21:19 +0900,body_fat_pct,26.4,InBody
2023-02-28,2023-02-28 11:21:19 +0900,body_mass_kg,61.1,InBody
2023-02-28,2023-02-28 11:21:19 +0900,lean_body_mass_kg,45.0,InBody
2023-03-02,2023-03-02 09:59:39 +0900,bmi,21.4,InBody
2023-03-02,2023-03-02 09:59:39 +0900,body_fat_pct,26.4,InBody
2023-03-02,2023-03-02 09:59:39 +0900,body_mass_kg,60.5,InBody
2023-03-02,2023-03-02 09:59:39 +0900,lean_body_mass_kg,44.5,InBody
2023-03-03,2023-03-03 08:04:10 +0900,bmi,21.3,InBody
2023-03-03,2023-03-03 08:04:10 +0900,body_fat_pct,25.5,InBody
2023-03-03,2023-03-03 08:04:10 +0900,body_mass_kg,60.0,InBody
2023-03-03,2023-03-03 08:04:10 +0900,lean_body_mass_kg,44.7,InBody
2023-03-04,2023-03-04 08:58:42 +0900,bmi,20.9,InBody
2023-03-04,2023-03-04 08:58:42 +0900,body_fat_pct,26.1,InBody
2023-03-04,2023-03-04 08:58:42 +0900,body_mass_kg,59.1,InBody
2023-03-04,2023-03-04 08:58:42 +0900,lean_body_mass_kg,43.7,InBody
2023-03-05,2023-03-05 09:56:24 +0900,bmi,20.6,InBody
2023-03-05,2023-03-05 09:56:24 +0900,body_fat_pct,26.8,InBody
2023-03-05,2023-03-05 09:56:24 +0900,body_mass_kg,58.2,InBody
2023-03-05,2023-03-05 09:56:24 +0900,lean_body_mass_kg,42.6,InBody
2023-03-06,2023-03-06 06:48:34 +0900,bmi,20.7,InBody
2023-03-06,2023-03-06 06:48:34 +0900,body_fat_pct,25.7,InBody
2023-03-06,2023-03-06 06:48:34 +0900,body_mass_kg,58.3,InBody
2023-03-06,2023-03-06 06:48:34 +0900,lean_body_mass_kg,43.3,InBody
2023-03-07,2023-03-07 07:47:20 +0900,bmi,20.7,InBody
2023-03-07,2023-03-07 07:47:20 +0900,body_fat_pct,25.1,InBody
2023-03-07,2023-03-07 07:47:20 +0900,body_mass_kg,58.4,InBody
2023-03-07,2023-03-07 07:47:20 +0900,lean_body_mass_kg,43.7,InBody
2023-03-08,2023-03-08 17:16:19 +0900,bmi,21.2,InBody
2023-03-08,2023-03-08 17:16:19 +0900,body_fat_pct,23.4,InBody
2023-03-08,2023-03-08 17:16:19 +0900,body_mass_kg,59.8,InBody
2023-03-08,2023-03-08 17:16:19 +0900,lean_body_mass_kg,45.8,InBody
2023-03-09,2023-03-09 08:26:19 +0900,bmi,21.3,InBody
2023-03-09,2023-03-09 08:26:19 +0900,body_fat_pct,23.6,InBody
2023-03-09,2023-03-09 08:26:19 +0900,body_mass_kg,60.0,InBody
2023-03-09,2023-03-09 08:26:19 +0900,lean_body_mass_kg,45.8,InBody
2023-03-09,2023-03-09 08:26:20 +0900,bmi,21.3,InBody
2023-03-09,2023-03-09 08:26:20 +0900,body_fat_pct,23.6,InBody
2023-03-09,2023-03-09 08:26:20 +0900,body_mass_kg,60.0,InBody
2023-03-09,2023-03-09 08:26:20 +0900,lean_body_mass_kg,45.8,InBody
2023-03-10,2023-03-10 09:55:43 +0900,bmi,21.3,InBody
2023-03-10,2023-03-10 09:55:43 +0900,body_fat_pct,23.4,InBody
2023-03-10,2023-03-10 09:55:43 +0900,body_mass_kg,60.1,InBody
2023-03-10,2023-03-10 09:55:43 +0900,lean_body_mass_kg,46.0,InBody
2023-03-13,2023-03-13 01:53:17 +0900,bmi,21.6,InBody
2023-03-13,2023-03-13 01:53:17 +0900,body_fat_pct,23.9,InBody
2023-03-13,2023-03-13 01:53:17 +0900,body_mass_kg,60.9,InBody
2023-03-13,2023-03-13 01:53:17 +0900,lean_body_mass_kg,46.3,InBody
2023-03-13,2023-03-13 08:37:17 +0900,bmi,21.5,InBody
2023-03-13,2023-03-13 08:37:17 +0900,body_fat_pct,23.6,InBody
2023-03-13,2023-03-13 08:37:17 +0900,body_mass_kg,60.6,InBody
2023-03-13,2023-03-13 08:37:17 +0900,lean_body_mass_kg,46.3,InBody
2023-03-14,2023-03-14 10:36:46 +0900,bmi,21.2,InBody
2023-03-14,2023-03-14 10:36:46 +0900,body_fat_pct,24.6,InBody
2023-03-14,2023-03-14 10:36:46 +0900,body_mass_kg,59.8,InBody
2023-03-14,2023-03-14 10:36:46 +0900,lean_body_mass_kg,45.1,InBody
2023-03-15,2023-03-15 09:13:44 +0900,bmi,21.3,InBody
2023-03-15,2023-03-15 09:13:44 +0900,body_fat_pct,24.6,InBody
2023-03-15,2023-03-15 09:13:44 +0900,body_mass_kg,60.1,InBody
2023-03-15,2023-03-15 09:13:44 +0900,lean_body_mass_kg,45.3,InBody
2023-03-16,2023-03-16 05:59:25 +0900,bmi,20.8,InBody
2023-03-16,2023-03-16 05:59:25 +0900,body_fat_pct,26.4,InBody
2023-03-16,2023-03-16 05:59:25 +0900,body_mass_kg,58.7,InBody
2023-03-16,2023-03-16 05:59:25 +0900,lean_body_mass_kg,43.2,InBody
2023-03-16,2023-03-16 13:38:28 +0900,bmi,20.9,InBody
2023-03-16,2023-03-16 13:38:28 +0900,body_fat_pct,25.5,InBody
2023-03-16,2023-03-16 13:38:28 +0900,body_mass_kg,59.0,InBody
2023-03-16,2023-03-16 13:38:28 +0900,lean_body_mass_kg,44.0,InBody
2023-03-18,2023-03-18 07:58:17 +0900,bmi,20.8,InBody
2023-03-18,2023-03-18 07:58:17 +0900,body_fat_pct,25.1,InBody
2023-03-18,2023-03-18 07:58:17 +0900,body_mass_kg,58.8,InBody
2023-03-18,2023-03-18 07:58:17 +0900,lean_body_mass_kg,44.0,InBody
2023-03-22,2023-03-22 11:33:36 +0900,bmi,21.5,InBody
2023-03-22,2023-03-22 11:33:36 +0900,body_fat_pct,24.9,InBody
2023-03-22,2023-03-22 11:33:36 +0900,body_mass_kg,60.8,InBody
2023-03-22,2023-03-22 11:33:36 +0900,lean_body_mass_kg,45.7,InBody
2023-03-23,2023-03-23 10:47:23 +0900,bmi,21.4,InBody
2023-03-23,2023-03-23 10:47:23 +0900,body_fat_pct,25.2,InBody
2023-03-23,2023-03-23 10:47:23 +0900,body_mass_kg,60.3,InBody
2023-03-23,2023-03-23 10:47:23 +0900,lean_body_mass_kg,45.1,InBody
2023-03-24,2023-03-24 07:54:35 +0900,bmi,21.2,InBody
2023-03-24,2023-03-24 07:54:35 +0900,body_fat_pct,25.0,InBody
2023-03-24,2023-03-24 07:54:35 +0900,body_mass_kg,59.9,InBody
2023-03-24,2023-03-24 07:54:35 +0900,lean_body_mass_kg,44.9,InBody
2023-03-25,2023-03-25 10:41:29 +0900,bmi,21.1,InBody
2023-03-25,2023-03-25 10:41:29 +0900,body_fat_pct,25.5,InBody
2023-03-25,2023-03-25 10:41:29 +0900,body_mass_kg,59.6,InBody
2023-03-25,2023-03-25 10:41:29 +0900,lean_body_mass_kg,44.4,InBody
2023-03-26,2023-03-26 09:40:04 +0900,bmi,21.3,InBody
2023-03-26,2023-03-26 09:40:04 +0900,body_fat_pct,24.9,InBody
2023-03-26,2023-03-26 09:40:04 +0900,body_mass_kg,60.0,InBody
2023-03-26,2023-03-26 09:40:04 +0900,lean_body_mass_kg,45.1,InBody
2023-03-27,2023-03-27 08:41:17 +0900,bmi,21.2,InBody
2023-03-27,2023-03-27 08:41:17 +0900,body_fat_pct,23.6,InBody
2023-03-27,2023-03-27 08:41:17 +0900,body_mass_kg,59.9,InBody
2023-03-27,2023-03-27 08:41:17 +0900,lean_body_mass_kg,45.8,InBody
2023-03-28,2023-03-28 08:41:42 +0900,bmi,21.2,InBody
2023-03-28,2023-03-28 08:41:42 +0900,body_fat_pct,24.7,InBody
2023-03-28,2023-03-28 08:41:42 +0900,body_mass_kg,59.8,InBody
2023-03-28,2023-03-28 08:41:42 +0900,lean_body_mass_kg,45.0,InBody
2023-03-29,2023-03-29 10:46:38 +0900,bmi,21.0,InBody
2023-03-29,2023-03-29 10:46:38 +0900,body_fat_pct,24.4,InBody
2023-03-29,2023-03-29 10:46:38 +0900,body_mass_kg,59.3,InBody
2023-03-29,2023-03-29 10:46:38 +0900,lean_body_mass_kg,44.8,InBody
2023-03-30,2023-03-30 06:51:49 +0900,bmi,21.0,InBody
2023-03-30,2023-03-30 06:51:49 +0900,body_fat_pct,24.5,InBody
2023-03-30,2023-03-30 06:51:49 +0900,body_mass_kg,59.2,InBody
2023-03-30,2023-03-30 06:51:49 +0900,lean_body_mass_kg,44.7,InBody
2023-03-31,2023-03-31 10:46:42 +0900,bmi,20.9,InBody
2023-03-31,2023-03-31 10:46:42 +0900,body_fat_pct,25.1,InBody
2023-03-31,2023-03-31 10:46:42 +0900,body_mass_kg,59.1,InBody
2023-03-31,2023-03-31 10:46:42 +0900,lean_body_mass_kg,44.3,InBody
2023-04-01,2023-04-01 08:17:30 +0900,bmi,21.0,InBody
2023-04-01,2023-04-01 08:17:30 +0900,body_fat_pct,24.5,InBody
2023-04-01,2023-04-01 08:17:30 +0900,body_mass_kg,59.4,InBody
2023-04-01,2023-04-01 08:17:30 +0900,lean_body_mass_kg,44.8,InBody
2023-04-02,2023-04-02 09:52:51 +0900,bmi,21.2,InBody
2023-04-02,2023-04-02 09:52:51 +0900,body_fat_pct,22.6,InBody
2023-04-02,2023-04-02 09:52:51 +0900,body_mass_kg,59.9,InBody
2023-04-02,2023-04-02 09:52:51 +0900,lean_body_mass_kg,46.4,InBody
2023-04-03,2023-04-03 08:21:10 +0900,bmi,21.0,InBody
2023-04-03,2023-04-03 08:21:10 +0900,body_fat_pct,24.2,InBody
2023-04-03,2023-04-03 08:21:10 +0900,body_mass_kg,59.4,InBody
2023-04-03,2023-04-03 08:21:10 +0900,lean_body_mass_kg,45.0,InBody
2023-04-04,2023-04-04 10:43:30 +0900,bmi,21.0,InBody
2023-04-04,2023-04-04 10:43:30 +0900,body_fat_pct,22.7,InBody
2023-04-04,2023-04-04 10:43:30 +0900,body_mass_kg,59.3,InBody
2023-04-04,2023-04-04 10:43:30 +0900,lean_body_mass_kg,45.8,InBody
2023-04-05,2023-04-05 10:11:53 +0900,bmi,21.1,InBody
2023-04-05,2023-04-05 10:11:53 +0900,body_fat_pct,24.4,InBody
2023-04-05,2023-04-05 10:11:53 +0900,body_mass_kg,59.5,InBody
2023-04-05,2023-04-05 10:11:53 +0900,lean_body_mass_kg,45.0,InBody
2023-04-06,2023-04-06 09:52:55 +0900,bmi,21.1,InBody
2023-04-06,2023-04-06 09:52:55 +0900,body_fat_pct,23.9,InBody
2023-04-06,2023-04-06 09:52:55 +0900,body_mass_kg,59.5,InBody
2023-04-06,2023-04-06 09:52:55 +0900,lean_body_mass_kg,45.3,InBody
2023-04-08,2023-04-08 11:14:26 +0900,bmi,21.0,InBody
2023-04-08,2023-04-08 11:14:26 +0900,body_fat_pct,24.3,InBody
2023-04-08,2023-04-08 11:14:26 +0900,body_mass_kg,59.2,InBody
2023-04-08,2023-04-08 11:14:26 +0900,lean_body_mass_kg,44.8,InBody
2023-04-09,2023-04-09 10:15:28 +0900,bmi,21.2,InBody
2023-04-09,2023-04-09 10:15:28 +0900,body_fat_pct,25.0,InBody
2023-04-09,2023-04-09 10:15:28 +0900,body_mass_kg,59.8,InBody
2023-04-09,2023-04-09 10:15:28 +0900,lean_body_mass_kg,44.9,InBody
2023-04-10,2023-04-10 08:14:35 +0900,bmi,21.1,InBody
2023-04-10,2023-04-10 08:14:35 +0900,body_fat_pct,24.6,InBody
2023-04-10,2023-04-10 08:14:35 +0900,body_mass_kg,59.6,InBody
2023-04-10,2023-04-10 08:14:35 +0900,lean_body_mass_kg,44.9,InBody
2023-04-12,2023-04-12 09:15:41 +0900,bmi,3.1,InBody
2023-04-12,2023-04-12 09:15:41 +0900,body_fat_pct,3046.5,InBody
2023-04-12,2023-04-12 09:15:41 +0900,body_mass_kg,2995.3,InBody
2023-04-12,2023-04-12 09:15:41 +0900,lean_body_mass_kg,-88256.375,InBody
2023-04-12,2023-04-12 09:17:22 +0900,bmi,21.4,InBody
2023-04-12,2023-04-12 09:17:22 +0900,body_fat_pct,24.3,InBody
2023-04-12,2023-04-12 09:17:22 +0900,body_mass_kg,60.5,InBody
2023-04-12,2023-04-12 09:17:22 +0900,lean_body_mass_kg,45.8,InBody
2023-04-14,2023-04-14 08:17:47 +0900,bmi,21.4,InBody
2023-04-14,2023-04-14 08:17:47 +0900,body_fat_pct,23.5,InBody
2023-04-14,2023-04-14 08:17:47 +0900,body_mass_kg,60.4,InBody
2023-04-14,2023-04-14 08:17:47 +0900,lean_body_mass_kg,46.2,InBody
2023-04-15,2023-04-15 09:07:01 +0900,bmi,21.2,InBody
2023-04-15,2023-04-15 09:07:01 +0900,body_fat_pct,23.2,InBody
2023-04-15,2023-04-15 09:07:01 +0900,body_mass_kg,59.9,InBody
2023-04-15,2023-04-15 09:07:01 +0900,lean_body_mass_kg,46.0,InBody
2023-04-17,2023-04-17 12:13:05 +0900,bmi,21.3,InBody
2023-04-17,2023-04-17 12:13:05 +0900,body_fat_pct,24.3,InBody
2023-04-17,2023-04-17 12:13:05 +0900,body_mass_kg,60.1,InBody
2023-04-17,2023-04-17 12:13:05 +0900,lean_body_mass_kg,45.5,InBody
2023-04-18,2023-04-18 08:16:38 +0900,bmi,21.2,InBody
2023-04-18,2023-04-18 08:16:38 +0900,body_fat_pct,24.1,InBody
2023-04-18,2023-04-18 08:16:38 +0900,body_mass_kg,59.8,InBody
2023-04-18,2023-04-18 08:16:38 +0900,lean_body_mass_kg,45.4,InBody
2023-04-19,2023-04-19 23:08:44 +0900,bmi,21.2,InBody
2023-04-19,2023-04-19 23:08:44 +0900,body_fat_pct,25.2,InBody
2023-04-19,2023-04-19 23:08:44 +0900,body_mass_kg,59.9,InBody
2023-04-19,2023-04-19 23:08:44 +0900,lean_body_mass_kg,44.8,InBody
2023-04-20,2023-04-20 10:04:49 +0900,bmi,21.1,InBody
2023-04-20,2023-04-20 10:04:49 +0900,body_fat_pct,23.3,InBody
2023-04-20,2023-04-20 10:04:49 +0900,body_mass_kg,59.5,InBody
2023-04-20,2023-04-20 10:04:49 +0900,lean_body_mass_kg,45.6,InBody
2023-04-21,2023-04-21 09:05:57 +0900,bmi,21.2,InBody
2023-04-21,2023-04-21 09:05:57 +0900,body_fat_pct,23.0,InBody
2023-04-21,2023-04-21 09:05:57 +0900,body_mass_kg,59.9,InBody
2023-04-21,2023-04-21 09:05:57 +0900,lean_body_mass_kg,46.1,InBody
2023-04-24,2023-04-24 10:02:09 +0900,bmi,21.2,InBody
2023-04-24,2023-04-24 10:02:09 +0900,body_fat_pct,24.4,InBody
2023-04-24,2023-04-24 10:02:09 +0900,body_mass_kg,59.7,InBody
2023-04-24,2023-04-24 10:02:09 +0900,lean_body_mass_kg,45.1,InBody
2023-04-26,2023-04-26 09:59:10 +0900,bmi,21.0,InBody
2023-04-26,2023-04-26 09:59:10 +0900,body_fat_pct,24.5,InBody
2023-04-26,2023-04-26 09:59:10 +0900,body_mass_kg,59.4,InBody
2023-04-26,2023-04-26 09:59:10 +0900,lean_body_mass_kg,44.8,InBody
2023-04-28,2023-04-28 10:51:37 +0900,bmi,20.8,InBody
2023-04-28,2023-04-28 10:51:37 +0900,body_fat_pct,23.7,InBody
2023-04-28,2023-04-28 10:51:37 +0900,body_mass_kg,58.8,InBody
2023-04-28,2023-04-28 10:51:37 +0900,lean_body_mass_kg,44.9,InBody
2023-04-29,2023-04-29 11:19:39 +0900,bmi,21.1,InBody
2023-04-29,2023-04-29 11:19:39 +0900,body_fat_pct,23.6,InBody
2023-04-29,2023-04-29 11:19:39 +0900,body_mass_kg,59.5,InBody
2023-04-29,2023-04-29 11:19:39 +0900,lean_body_mass_kg,45.5,InBody
2023-05-01,2023-05-01 11:14:03 +0900,bmi,20.9,InBody
2023-05-01,2023-05-01 11:14:03 +0900,body_fat_pct,25.3,InBody
2023-05-01,2023-05-01 11:14:03 +0900,body_mass_kg,58.9,InBody
2023-05-01,2023-05-01 11:14:03 +0900,lean_body_mass_kg,44.0,InBody
2023-05-02,2023-05-02 09:05:33 +0900,bmi,20.9,InBody
2023-05-02,2023-05-02 09:05:33 +0900,body_fat_pct,22.8,InBody
2023-05-02,2023-05-02 09:05:33 +0900,body_mass_kg,58.9,InBody
2023-05-02,2023-05-02 09:05:33 +0900,lean_body_mass_kg,45.5,InBody
2023-05-03,2023-05-03 08:05:58 +0900,bmi,20.9,InBody
2023-05-03,2023-05-03 08:05:58 +0900,body_fat_pct,24.8,InBody
2023-05-03,2023-05-03 08:05:58 +0900,body_mass_kg,59.0,InBody
2023-05-03,2023-05-03 08:05:58 +0900,lean_body_mass_kg,44.4,InBody
2023-05-06,2023-05-06 11:11:49 +0900,bmi,20.9,InBody
2023-05-06,2023-05-06 11:11:49 +0900,body_fat_pct,24.5,InBody
2023-05-06,2023-05-06 11:11:49 +0900,body_mass_kg,59.1,InBody
2023-05-06,2023-05-06 11:11:49 +0900,lean_body_mass_kg,44.6,InBody
2023-05-07,2023-05-07 10:10:50 +0900,bmi,20.3,InBody
2023-05-07,2023-05-07 10:10:50 +0900,body_fat_pct,21.8,InBody
2023-05-07,2023-05-07 10:10:50 +0900,body_mass_kg,57.2,InBody
2023-05-07,2023-05-07 10:10:50 +0900,lean_body_mass_kg,44.7,InBody
2023-05-07,2023-05-07 10:12:22 +0900,bmi,21.0,InBody
2023-05-07,2023-05-07 10:12:22 +0900,body_fat_pct,23.9,InBody
2023-05-07,2023-05-07 10:12:22 +0900,body_mass_kg,59.2,InBody
2023-05-07,2023-05-07 10:12:22 +0900,lean_body_mass_kg,45.1,InBody
2023-05-08,2023-05-08 12:24:04 +0900,bmi,20.9,InBody
2023-05-08,2023-05-08 12:24:04 +0900,body_fat_pct,24.3,InBody
2023-05-08,2023-05-08 12:24:04 +0900,body_mass_kg,58.9,InBody
2023-05-08,2023-05-08 12:24:04 +0900,lean_body_mass_kg,44.6,InBody
2023-05-15,2023-05-15 09:49:23 +0900,bmi,20.9,InBody
2023-05-15,2023-05-15 09:49:23 +0900,body_fat_pct,25.1,InBody
2023-05-15,2023-05-15 09:49:23 +0900,body_mass_kg,58.9,InBody
2023-05-15,2023-05-15 09:49:23 +0900,lean_body_mass_kg,44.1,InBody
2023-05-15,2023-05-15 11:00:36 +0900,bmi,20.8,InBody
2023-05-15,2023-05-15 11:00:36 +0900,body_fat_pct,25.1,InBody
2023-05-15,2023-05-15 11:00:36 +0900,body_mass_kg,58.7,InBody
2023-05-15,2023-05-15 11:00:36 +0900,lean_body_mass_kg,44.0,InBody
2023-05-16,2023-05-16 10:46:05 +0900,bmi,20.8,InBody
2023-05-16,2023-05-16 10:46:05 +0900,body_fat_pct,24.3,InBody
2023-05-16,2023-05-16 10:46:05 +0900,body_mass_kg,58.8,InBody
2023-05-16,2023-05-16 10:46:05 +0900,lean_body_mass_kg,44.5,InBody
2023-05-19,2023-05-19 10:29:51 +0900,bmi,21.3,InBody
2023-05-19,2023-05-19 10:29:51 +0900,body_fat_pct,22.4,InBody
2023-05-19,2023-05-19 10:29:51 +0900,body_mass_kg,60.1,InBody
2023-05-19,2023-05-19 10:29:51 +0900,lean_body_mass_kg,46.6,InBody
2023-05-21,2023-05-21 10:34:17 +0900,bmi,21.0,InBody
2023-05-21,2023-05-21 10:34:17 +0900,body_fat_pct,24.9,InBody
2023-05-21,2023-05-21 10:34:17 +0900,body_mass_kg,59.4,InBody
2023-05-21,2023-05-21 10:34:17 +0900,lean_body_mass_kg,44.6,InBody
2023-05-22,2023-05-22 11:56:18 +0900,bmi,20.9,InBody
2023-05-22,2023-05-22 11:56:18 +0900,body_fat_pct,24.4,InBody
2023-05-22,2023-05-22 11:56:18 +0900,body_mass_kg,59.0,InBody
2023-05-22,2023-05-22 11:56:18 +0900,lean_body_mass_kg,44.6,InBody
2023-05-31,2023-05-31 08:37:48 +0900,bmi,21.2,InBody
2023-05-31,2023-05-31 08:37:48 +0900,body_fat_pct,23.6,InBody
2023-05-31,2023-05-31 08:37:48 +0900,body_mass_kg,59.7,InBody
2023-05-31,2023-05-31 08:37:48 +0900,lean_body_mass_kg,45.6,InBody
2023-06-12,2023-06-12 17:40:05 +0900,bmi,21.4,InBody
2023-06-12,2023-06-12 17:40:05 +0900,body_fat_pct,22.3,InBody
2023-06-12,2023-06-12 17:40:05 +0900,body_mass_kg,60.3,InBody
2023-06-12,2023-06-12 17:40:05 +0900,lean_body_mass_kg,46.9,InBody
2023-06-13,2023-06-13 12:27:16 +0900,bmi,21.2,InBody
2023-06-13,2023-06-13 12:27:16 +0900,body_fat_pct,24.0,InBody
2023-06-13,2023-06-13 12:27:16 +0900,body_mass_kg,59.9,InBody
2023-06-13,2023-06-13 12:27:16 +0900,lean_body_mass_kg,45.5,InBody
2023-06-27,2023-06-27 10:56:25 +0900,bmi,21.5,InBody
2023-06-27,2023-06-27 10:56:25 +0900,body_fat_pct,23.4,InBody
2023-06-27,2023-06-27 10:56:25 +0900,body_mass_kg,60.8,InBody
2023-06-27,2023-06-27 10:56:25 +0900,lean_body_mass_kg,46.6,InBody
2023-06-30,2023-06-30 11:27:43 +0900,bmi,21.3,InBody
2023-06-30,2023-06-30 11:27:43 +0900,body_fat_pct,23.8,InBody
2023-06-30,2023-06-30 11:27:43 +0900,body_mass_kg,60.2,InBody
2023-06-30,2023-06-30 11:27:43 +0900,lean_body_mass_kg,45.9,InBody
2023-07-04,2023-07-04 09:47:19 +0900,bmi,21.5,InBody
2023-07-04,2023-07-04 09:47:19 +0900,body_fat_pct,23.6,InBody
2023-07-04,2023-07-04 09:47:19 +0900,body_mass_kg,60.8,InBody
2023-07-04,2023-07-04 09:47:19 +0900,lean_body_mass_kg,46.5,InBody
2023-07-06,2023-07-06 09:38:04 +0900,bmi,21.3,InBody
2023-07-06,2023-07-06 09:38:04 +0900,body_fat_pct,24.1,InBody
2023-07-06,2023-07-06 09:38:04 +0900,body_mass_kg,60.2,InBody
2023-07-06,2023-07-06 09:38:04 +0900,lean_body_mass_kg,45.7,InBody
2023-07-08,2023-07-08 08:10:25 +0900,bmi,21.4,InBody
2023-07-08,2023-07-08 08:10:25 +0900,body_fat_pct,24.3,InBody
2023-07-08,2023-07-08 08:10:25 +0900,body_mass_kg,60.5,InBody
2023-07-08,2023-07-08 08:10:25 +0900,lean_body_mass_kg,45.8,InBody
2023-07-12,2023-07-12 11:21:12 +0900,bmi,21.3,InBody
2023-07-12,2023-07-12 11:21:12 +0900,body_fat_pct,22.4,InBody
2023-07-12,2023-07-12 11:21:12 +0900,body_mass_kg,60.1,InBody
2023-07-12,2023-07-12 11:21:12 +0900,lean_body_mass_kg,46.6,InBody
2023-07-19,2023-07-19 09:53:05 +0900,bmi,21.6,InBody
2023-07-19,2023-07-19 09:53:05 +0900,body_fat_pct,24.8,InBody
2023-07-19,2023-07-19 09:53:05 +0900,body_mass_kg,61.0,InBody
2023-07-19,2023-07-19 09:53:05 +0900,lean_body_mass_kg,45.9,InBody
2023-07-24,2023-07-24 08:11:33 +0900,bmi,21.6,InBody
2023-07-24,2023-07-24 08:11:33 +0900,body_fat_pct,23.5,InBody
2023-07-24,2023-07-24 08:11:33 +0900,body_mass_kg,61.1,InBody
2023-07-24,2023-07-24 08:11:33 +0900,lean_body_mass_kg,46.7,InBody
2023-07-31,2023-07-31 09:40:05 +0900,bmi,21.6,InBody
2023-07-31,2023-07-31 09:40:05 +0900,body_fat_pct,24.0,InBody
2023-07-31,2023-07-31 09:40:05 +0900,body_mass_kg,61.1,InBody
2023-07-31,2023-07-31 09:40:05 +0900,lean_body_mass_kg,46.4,InBody
2023-07-31,2023-07-31 10:06:18 +0900,bmi,21.6,InBody
2023-07-31,2023-07-31 10:06:18 +0900,body_fat_pct,24.0,InBody
2023-07-31,2023-07-31 10:06:18 +0900,body_mass_kg,61.0,InBody
2023-07-31,2023-07-31 10:06:18 +0900,lean_body_mass_kg,46.4,InBody
2023-08-02,2023-08-02 09:00:40 +0900,bmi,21.5,InBody
2023-08-02,2023-08-02 09:00:40 +0900,body_fat_pct,24.5,InBody
2023-08-02,2023-08-02 09:00:40 +0900,body_mass_kg,60.8,InBody
2023-08-02,2023-08-02 09:00:40 +0900,lean_body_mass_kg,45.9,InBody
2023-08-06,2023-08-06 08:23:47 +0900,bmi,21.5,InBody
2023-08-06,2023-08-06 08:23:47 +0900,body_fat_pct,23.4,InBody
2023-08-06,2023-08-06 08:23:47 +0900,body_mass_kg,60.7,InBody
2023-08-06,2023-08-06 08:23:47 +0900,lean_body_mass_kg,46.5,InBody
2023-08-11,2023-08-11 08:51:01 +0900,bmi,21.6,InBody
2023-08-11,2023-08-11 08:51:01 +0900,body_fat_pct,24.3,InBody
2023-08-11,2023-08-11 08:51:01 +0900,body_mass_kg,61.0,InBody
2023-08-11,2023-08-11 08:51:01 +0900,lean_body_mass_kg,46.2,InBody
2023-08-17,2023-08-17 10:25:54 +0900,bmi,21.5,InBody
2023-08-17,2023-08-17 10:25:54 +0900,body_fat_pct,22.4,InBody
2023-08-17,2023-08-17 10:25:54 +0900,body_mass_kg,60.8,InBody
2023-08-17,2023-08-17 10:25:54 +0900,lean_body_mass_kg,47.2,InBody
2023-08-18,2023-08-18 06:08:10 +0900,bmi,21.3,InBody
2023-08-18,2023-08-18 06:08:10 +0900,body_fat_pct,24.0,InBody
2023-08-18,2023-08-18 06:08:10 +0900,body_mass_kg,60.1,InBody
2023-08-18,2023-08-18 06:08:10 +0900,lean_body_mass_kg,45.7,InBody
2023-09-04,2023-09-04 10:28:15 +0900,bmi,21.6,InBody
2023-09-04,2023-09-04 10:28:15 +0900,body_fat_pct,22.0,InBody
2023-09-04,2023-09-04 10:28:15 +0900,body_mass_kg,61.1,InBody
2023-09-04,2023-09-04 10:28:15 +0900,lean_body_mass_kg,47.7,InBody
2023-09-06,2023-09-06 09:28:31 +0900,bmi,21.5,InBody
2023-09-06,2023-09-06 09:28:31 +0900,body_fat_pct,21.7,InBody
2023-09-06,2023-09-06 09:28:31 +0900,body_mass_kg,60.8,InBody
2023-09-06,2023-09-06 09:28:31 +0900,lean_body_mass_kg,47.6,InBody
2023-09-13,2023-09-13 08:06:09 +0900,bmi,21.3,InBody
2023-09-13,2023-09-13 08:06:09 +0900,body_fat_pct,22.9,InBody
2023-09-13,2023-09-13 08:06:09 +0900,body_mass_kg,60.0,InBody
2023-09-13,2023-09-13 08:06:09 +0900,lean_body_mass_kg,46.3,InBody
2023-09-13,2023-09-13 08:11:41 +0900,bmi,21.3,InBody
2023-09-13,2023-09-13 08:11:41 +0900,body_fat_pct,23.8,InBody
2023-09-13,2023-09-13 08:11:41 +0900,body_mass_kg,60.2,InBody
2023-09-13,2023-09-13 08:11:41 +0900,lean_body_mass_kg,45.9,InBody
2023-09-13,2023-09-13 08:13:13 +0900,bmi,21.3,InBody
2023-09-13,2023-09-13 08:13:13 +0900,body_fat_pct,23.5,InBody
2023-09-13,2023-09-13 08:13:13 +0900,body_mass_kg,60.2,InBody
2023-09-13,2023-09-13 08:13:13 +0900,lean_body_mass_kg,46.1,InBody
2023-09-20,2023-09-20 09:41:23 +0900,bmi,21.9,InBody
2023-09-20,2023-09-20 09:41:23 +0900,body_fat_pct,23.0,InBody
2023-09-20,2023-09-20 09:41:23 +0900,body_mass_kg,61.7,InBody
2023-09-20,2023-09-20 09:41:23 +0900,lean_body_mass_kg,47.5,InBody
2023-09-22,2023-09-22 10:41:55 +0900,bmi,21.5,InBody
2023-09-22,2023-09-22 10:41:55 +0900,body_fat_pct,25.0,InBody
2023-09-22,2023-09-22 10:41:55 +0900,body_mass_kg,60.8,InBody
2023-09-22,2023-09-22 10:41:55 +0900,lean_body_mass_kg,45.6,InBody
2023-10-02,2023-10-02 03:00:31 +0900,bmi,21.8,InBody
2023-10-02,2023-10-02 03:00:31 +0900,body_fat_pct,23.0,InBody
2023-10-02,2023-10-02 03:00:31 +0900,body_mass_kg,61.4,InBody
2023-10-02,2023-10-02 03:00:31 +0900,lean_body_mass_kg,47.3,InBody
2023-10-03,2023-10-03 19:49:01 +0900,bmi,22.2,InBody
2023-10-03,2023-10-03 19:49:01 +0900,body_fat_pct,23.8,InBody
2023-10-03,2023-10-03 19:49:01 +0900,body_mass_kg,62.6,InBody
2023-10-03,2023-10-03 19:49:01 +0900,lean_body_mass_kg,47.7,InBody
2023-10-05,2023-10-05 09:20:01 +0900,bmi,21.7,InBody
2023-10-05,2023-10-05 09:20:01 +0900,body_fat_pct,23.8,InBody
2023-10-05,2023-10-05 09:20:01 +0900,body_mass_kg,61.2,InBody
2023-10-05,2023-10-05 09:20:01 +0900,lean_body_mass_kg,46.6,InBody
2023-10-11,2023-10-11 11:37:10 +0900,bmi,21.9,InBody
2023-10-11,2023-10-11 11:37:10 +0900,body_fat_pct,23.0,InBody
2023-10-11,2023-10-11 11:37:10 +0900,body_mass_kg,61.9,InBody
2023-10-11,2023-10-11 11:37:10 +0900,lean_body_mass_kg,47.7,InBody
2023-10-14,2023-10-14 11:05:45 +0900,bmi,21.8,InBody
2023-10-14,2023-10-14 11:05:45 +0900,body_fat_pct,22.8,InBody
2023-10-14,2023-10-14 11:05:45 +0900,body_mass_kg,61.5,InBody
2023-10-14,2023-10-14 11:05:45 +0900,lean_body_mass_kg,47.5,InBody
2023-10-17,2023-10-17 11:42:35 +0900,bmi,21.6,InBody
2023-10-17,2023-10-17 11:42:35 +0900,body_fat_pct,24.0,InBody
2023-10-17,2023-10-17 11:42:35 +0900,body_mass_kg,61.0,InBody
2023-10-17,2023-10-17 11:42:35 +0900,lean_body_mass_kg,46.4,InBody
2023-10-24,2023-10-24 09:21:18 +0900,bmi,21.5,InBody
2023-10-24,2023-10-24 09:21:18 +0900,body_fat_pct,23.7,InBody
2023-10-24,2023-10-24 09:21:18 +0900,body_mass_kg,60.8,InBody
2023-10-24,2023-10-24 09:21:18 +0900,lean_body_mass_kg,46.4,InBody
2023-10-25,2023-10-25 07:02:48 +0900,bmi,21.6,InBody
2023-10-25,2023-10-25 07:02:48 +0900,body_fat_pct,24.6,InBody
2023-10-25,2023-10-25 07:02:48 +0900,body_mass_kg,60.9,InBody
2023-10-25,2023-10-25 07:02:48 +0900,lean_body_mass_kg,45.9,InBody
2023-10-29,2023-10-29 09:18:47 +0900,bmi,21.9,InBody
2023-10-29,2023-10-29 09:18:47 +0900,body_fat_pct,23.3,InBody
2023-10-29,2023-10-29 09:18:47 +0900,body_mass_kg,61.9,InBody
2023-10-29,2023-10-29 09:18:47 +0900,lean_body_mass_kg,47.5,InBody
2023-11-07,2023-11-07 09:49:49 +0900,bmi,21.9,InBody
2023-11-07,2023-11-07 09:49:49 +0900,body_fat_pct,24.8,InBody
2023-11-07,2023-11-07 09:49:49 +0900,body_mass_kg,61.7,InBody
2023-11-07,2023-11-07 09:49:49 +0900,lean_body_mass_kg,46.4,InBody
2023-11-12,2023-11-12 11:59:02 +0900,bmi,21.6,InBody
2023-11-12,2023-11-12 11:59:02 +0900,body_fat_pct,24.7,InBody
2023-11-12,2023-11-12 11:59:02 +0900,body_mass_kg,61.1,InBody
2023-11-12,2023-11-12 11:59:02 +0900,lean_body_mass_kg,46.0,InBody
2023-11-20,2023-11-20 09:43:52 +0900,bmi,21.8,InBody
2023-11-20,2023-11-20 09:43:52 +0900,body_fat_pct,25.9,InBody
2023-11-20,2023-11-20 09:43:52 +0900,body_mass_kg,61.5,InBody
2023-11-20,2023-11-20 09:43:52 +0900,lean_body_mass_kg,45.6,InBody
2023-11-21,2023-11-21 10:04:03 +0900,bmi,21.8,InBody
2023-11-21,2023-11-21 10:04:03 +0900,body_fat_pct,25.3,InBody
2023-11-21,2023-11-21 10:04:03 +0900,body_mass_kg,61.4,InBody
2023-11-21,2023-11-21 10:04:03 +0900,lean_body_mass_kg,45.9,InBody
2023-11-22,2023-11-22 11:41:04 +0900,bmi,21.6,InBody
2023-11-22,2023-11-22 11:41:04 +0900,body_fat_pct,25.0,InBody
2023-11-22,2023-11-22 11:41:04 +0900,body_mass_kg,60.9,InBody
2023-11-22,2023-11-22 11:41:04 +0900,lean_body_mass_kg,45.7,InBody
2023-11-23,2023-11-23 05:50:42 +0900,bmi,21.6,InBody
2023-11-23,2023-11-23 05:50:42 +0900,body_fat_pct,25.3,InBody
2023-11-23,2023-11-23 05:50:42 +0900,body_mass_kg,60.9,InBody
2023-11-23,2023-11-23 05:50:42 +0900,lean_body_mass_kg,45.5,InBody
2023-11-28,2023-11-28 11:15:42 +0900,bmi,21.8,InBody
2023-11-28,2023-11-28 11:15:42 +0900,body_fat_pct,25.5,InBody
2023-11-28,2023-11-28 11:15:42 +0900,body_mass_kg,61.6,InBody
2023-11-28,2023-11-28 11:15:42 +0900,lean_body_mass_kg,45.9,InBody
2023-12-07,2023-12-07 10:01:29 +0900,bmi,22.1,InBody
2023-12-07,2023-12-07 10:01:29 +0900,body_fat_pct,24.6,InBody
2023-12-07,2023-12-07 10:01:29 +0900,body_mass_kg,62.3,InBody
2023-12-07,2023-12-07 10:01:29 +0900,lean_body_mass_kg,47.0,InBody
2023-12-07,2023-12-07 10:01:30 +0900,bmi,22.1,InBody
2023-12-07,2023-12-07 10:01:30 +0900,body_fat_pct,24.6,InBody
2023-12-07,2023-12-07 10:01:30 +0900,body_mass_kg,62.3,InBody
2023-12-07,2023-12-07 10:01:30 +0900,lean_body_mass_kg,47.0,InBody
2023-12-09,2023-12-09 11:20:43 +0900,bmi,22.0,InBody
2023-12-09,2023-12-09 11:20:43 +0900,body_fat_pct,25.7,InBody
2023-12-09,2023-12-09 11:20:43 +0900,body_mass_kg,62.2,InBody
2023-12-09,2023-12-09 11:20:43 +0900,lean_body_mass_kg,46.2,InBody
2023-12-11,2023-12-11 10:47:00 +0900,bmi,21.8,InBody
2023-12-11,2023-12-11 10:47:00 +0900,body_fat_pct,26.1,InBody
2023-12-11,2023-12-11 10:47:00 +0900,body_mass_kg,61.4,InBody
2023-12-11,2023-12-11 10:47:00 +0900,lean_body_mass_kg,45.4,InBody
2023-12-12,2023-12-12 12:28:18 +0900,bmi,21.5,InBody
2023-12-12,2023-12-12 12:28:18 +0900,body_fat_pct,24.6,InBody
2023-12-12,2023-12-12 12:28:18 +0900,body_mass_kg,60.8,InBody
2023-12-12,2023-12-12 12:28:18 +0900,lean_body_mass_kg,45.8,InBody
2023-12-28,2023-12-28 10:47:37 +0900,bmi,22.1,InBody
2023-12-28,2023-12-28 10:47:37 +0900,body_fat_pct,25.7,InBody
2023-12-28,2023-12-28 10:47:37 +0900,body_mass_kg,62.5,InBody
2023-12-28,2023-12-28 10:47:37 +0900,lean_body_mass_kg,46.4,InBody
2024-01-05,2024-01-05 11:58:19 +0900,bmi,22.1,InBody
2024-01-05,2024-01-05 11:58:19 +0900,body_fat_pct,26.8,InBody
2024-01-05,2024-01-05 11:58:19 +0900,body_mass_kg,62.5,InBody
2024-01-05,2024-01-05 11:58:19 +0900,lean_body_mass_kg,45.7,InBody
2024-01-06,2024-01-06 14:45:17 +0900,bmi,22.4,InBody
2024-01-06,2024-01-06 14:45:17 +0900,body_fat_pct,25.6,InBody
2024-01-06,2024-01-06 14:45:17 +0900,body_mass_kg,63.2,InBody
2024-01-06,2024-01-06 14:45:17 +0900,lean_body_mass_kg,47.0,InBody
2024-01-09,2024-01-09 15:03:34 +0900,bmi,22.0,InBody
2024-01-09,2024-01-09 15:03:34 +0900,body_fat_pct,28.8,InBody
2024-01-09,2024-01-09 15:03:34 +0900,body_mass_kg,62.1,InBody
2024-01-09,2024-01-09 15:03:34 +0900,lean_body_mass_kg,44.2,InBody
2024-01-11,2024-01-11 09:54:01 +0900,bmi,21.8,InBody
2024-01-11,2024-01-11 09:54:01 +0900,body_fat_pct,27.4,InBody
2024-01-11,2024-01-11 09:54:01 +0900,body_mass_kg,61.5,InBody
2024-01-11,2024-01-11 09:54:01 +0900,lean_body_mass_kg,44.6,InBody
2024-01-17,2024-01-17 08:36:23 +0900,bmi,22.1,InBody
2024-01-17,2024-01-17 08:36:23 +0900,body_fat_pct,26.4,InBody
2024-01-17,2024-01-17 08:36:23 +0900,body_mass_kg,62.4,InBody
2024-01-17,2024-01-17 08:36:23 +0900,lean_body_mass_kg,45.9,InBody
2024-01-19,2024-01-19 15:02:37 +0900,bmi,21.9,InBody
2024-01-19,2024-01-19 15:02:37 +0900,body_fat_pct,26.2,InBody
2024-01-19,2024-01-19 15:02:37 +0900,body_mass_kg,61.7,InBody
2024-01-19,2024-01-19 15:02:37 +0900,lean_body_mass_kg,45.5,InBody
2024-01-22,2024-01-22 12:08:06 +0900,bmi,22.4,InBody
2024-01-22,2024-01-22 12:08:06 +0900,body_fat_pct,27.0,InBody
2024-01-22,2024-01-22 12:08:06 +0900,body_mass_kg,63.2,InBody
2024-01-22,2024-01-22 12:08:06 +0900,lean_body_mass_kg,46.1,InBody
2024-01-30,2024-01-30 12:27:17 +0900,bmi,22.0,InBody
2024-01-30,2024-01-30 12:27:17 +0900,body_fat_pct,27.3,InBody
2024-01-30,2024-01-30 12:27:17 +0900,body_mass_kg,62.2,InBody
2024-01-30,2024-01-30 12:27:17 +0900,lean_body_mass_kg,45.2,InBody
2024-02-13,2024-02-13 10:59:49 +0900,bmi,22.1,InBody
2024-02-13,2024-02-13 10:59:49 +0900,body_fat_pct,28.3,InBody
2024-02-13,2024-02-13 10:59:49 +0900,body_mass_kg,62.3,InBody
2024-02-13,2024-02-13 10:59:49 +0900,lean_body_mass_kg,44.7,InBody
2024-02-29,2024-02-29 13:20:15 +0900,bmi,21.5,InBody
2024-02-29,2024-02-29 13:20:15 +0900,body_fat_pct,26.5,InBody
2024-02-29,2024-02-29 13:20:15 +0900,body_mass_kg,60.6,InBody
2024-02-29,2024-02-29 13:20:15 +0900,lean_body_mass_kg,44.5,InBody
2024-03-07,2024-03-07 09:13:57 +0900,bmi,22.1,InBody
2024-03-07,2024-03-07 09:13:57 +0900,body_fat_pct,26.0,InBody
2024-03-07,2024-03-07 09:13:57 +0900,body_mass_kg,62.3,InBody
2024-03-07,2024-03-07 09:13:57 +0900,lean_body_mass_kg,46.1,InBody
2024-03-12,2024-03-12 12:13:07 +0900,bmi,22.2,InBody
2024-03-12,2024-03-12 12:13:07 +0900,body_fat_pct,25.7,InBody
2024-03-12,2024-03-12 12:13:07 +0900,body_mass_kg,62.7,InBody
2024-03-12,2024-03-12 12:13:07 +0900,lean_body_mass_kg,46.6,InBody
2024-03-18,2024-03-18 08:40:15 +0900,bmi,22.0,InBody
2024-03-18,2024-03-18 08:40:15 +0900,body_fat_pct,27.6,InBody
2024-03-18,2024-03-18 08:40:15 +0900,body_mass_kg,62.1,InBody
2024-03-18,2024-03-18 08:40:15 +0900,lean_body_mass_kg,45.0,InBody
2024-03-22,2024-03-22 11:15:43 +0900,bmi,22.0,InBody
2024-03-22,2024-03-22 11:15:43 +0900,body_fat_pct,26.7,InBody
2024-03-22,2024-03-22 11:15:43 +0900,body_mass_kg,62.2,InBody
2024-03-22,2024-03-22 11:15:43 +0900,lean_body_mass_kg,45.6,InBody
2024-04-02,2024-04-02 09:54:09 +0900,bmi,21.9,InBody
2024-04-02,2024-04-02 09:54:09 +0900,body_fat_pct,27.2,InBody
2024-04-02,2024-04-02 09:54:09 +0900,body_mass_kg,61.8,InBody
2024-04-02,2024-04-02 09:54:09 +0900,lean_body_mass_kg,45.0,InBody
2024-04-04,2024-04-04 10:14:31 +0900,bmi,21.9,InBody
2024-04-04,2024-04-04 10:14:31 +0900,body_fat_pct,26.6,InBody
2024-04-04,2024-04-04 10:14:31 +0900,body_mass_kg,61.8,InBody
2024-04-04,2024-04-04 10:14:31 +0900,lean_body_mass_kg,45.4,InBody
2024-04-06,2024-04-06 08:16:38 +0900,bmi,22.0,InBody
2024-04-06,2024-04-06 08:16:38 +0900,body_fat_pct,25.7,InBody
2024-04-06,2024-04-06 08:16:38 +0900,body_mass_kg,62.1,InBody
2024-04-06,2024-04-06 08:16:38 +0900,lean_body_mass_kg,46.1,InBody
2024-04-08,2024-04-08 08:26:48 +0900,bmi,22.0,InBody
2024-04-08,2024-04-08 08:26:48 +0900,body_fat_pct,25.1,InBody
2024-04-08,2024-04-08 08:26:48 +0900,body_mass_kg,62.0,InBody
2024-04-08,2024-04-08 08:26:48 +0900,lean_body_mass_kg,46.4,InBody
2024-04-09,2024-04-09 10:38:16 +0900,bmi,21.8,InBody
2024-04-09,2024-04-09 10:38:16 +0900,body_fat_pct,25.4,InBody
2024-04-09,2024-04-09 10:38:16 +0900,body_mass_kg,61.6,InBody
2024-04-09,2024-04-09 10:38:16 +0900,lean_body_mass_kg,46.0,InBody
2024-04-10,2024-04-10 10:32:07 +0900,bmi,21.7,InBody
2024-04-10,2024-04-10 10:32:07 +0900,body_fat_pct,25.4,InBody
2024-04-10,2024-04-10 10:32:07 +0900,body_mass_kg,61.3,InBody
2024-04-10,2024-04-10 10:32:07 +0900,lean_body_mass_kg,45.7,InBody
2024-04-11,2024-04-11 10:42:09 +0900,bmi,21.9,InBody
2024-04-11,2024-04-11 10:42:09 +0900,body_fat_pct,25.0,InBody
2024-04-11,2024-04-11 10:42:09 +0900,body_mass_kg,61.8,InBody
2024-04-11,2024-04-11 10:42:09 +0900,lean_body_mass_kg,46.3,InBody
2024-04-12,2024-04-12 10:19:05 +0900,bmi,21.9,InBody
2024-04-12,2024-04-12 10:19:05 +0900,body_fat_pct,25.3,InBody
2024-04-12,2024-04-12 10:19:05 +0900,body_mass_kg,61.9,InBody
2024-04-12,2024-04-12 10:19:05 +0900,lean_body_mass_kg,46.2,InBody
2024-04-14,2024-04-14 12:23:04 +0900,bmi,21.8,InBody
2024-04-14,2024-04-14 12:23:04 +0900,body_fat_pct,24.8,InBody
2024-04-14,2024-04-14 12:23:04 +0900,body_mass_kg,61.4,InBody
2024-04-14,2024-04-14 12:23:04 +0900,lean_body_mass_kg,46.2,InBody
2024-04-15,2024-04-15 06:13:35 +0900,bmi,21.9,InBody
2024-04-15,2024-04-15 06:13:35 +0900,body_fat_pct,24.6,InBody
2024-04-15,2024-04-15 06:13:35 +0900,body_mass_kg,61.8,InBody
2024-04-15,2024-04-15 06:13:35 +0900,lean_body_mass_kg,46.6,InBody
2024-04-20,2024-04-20 11:01:48 +0900,bmi,21.8,InBody
2024-04-20,2024-04-20 11:01:48 +0900,body_fat_pct,23.6,InBody
2024-04-20,2024-04-20 11:01:48 +0900,body_mass_kg,61.4,InBody
2024-04-20,2024-04-20 11:01:48 +0900,lean_body_mass_kg,46.9,InBody
2024-04-22,2024-04-22 10:34:01 +0900,bmi,22.1,InBody
2024-04-22,2024-04-22 10:34:01 +0900,body_fat_pct,24.1,InBody
2024-04-22,2024-04-22 10:34:01 +0900,body_mass_kg,62.5,InBody
2024-04-22,2024-04-22 10:34:01 +0900,lean_body_mass_kg,47.4,InBody
2024-04-24,2024-04-24 09:11:46 +0900,bmi,21.6,InBody
2024-04-24,2024-04-24 09:11:46 +0900,body_fat_pct,24.0,InBody
2024-04-24,2024-04-24 09:11:46 +0900,body_mass_kg,61.1,InBody
2024-04-24,2024-04-24 09:11:46 +0900,lean_body_mass_kg,46.4,InBody
2024-04-25,2024-04-25 09:25:36 +0900,bmi,21.4,InBody
2024-04-25,2024-04-25 09:25:36 +0900,body_fat_pct,24.5,InBody
2024-04-25,2024-04-25 09:25:36 +0900,body_mass_kg,60.4,InBody
2024-04-25,2024-04-25 09:25:36 +0900,lean_body_mass_kg,45.6,InBody
2024-04-26,2024-04-26 11:32:09 +0900,bmi,21.6,InBody
2024-04-26,2024-04-26 11:32:09 +0900,body_fat_pct,25.2,InBody
2024-04-26,2024-04-26 11:32:09 +0900,body_mass_kg,61.1,InBody
2024-04-26,2024-04-26 11:32:09 +0900,lean_body_mass_kg,45.7,InBody
2024-04-27,2024-04-27 08:00:40 +0900,bmi,21.7,InBody
2024-04-27,2024-04-27 08:00:40 +0900,body_fat_pct,24.2,InBody
2024-04-27,2024-04-27 08:00:40 +0900,body_mass_kg,61.3,InBody
2024-04-27,2024-04-27 08:00:40 +0900,lean_body_mass_kg,46.5,InBody
2024-04-29,2024-04-29 10:21:40 +0900,bmi,22.0,InBody
2024-04-29,2024-04-29 10:21:40 +0900,body_fat_pct,23.7,InBody
2024-04-29,2024-04-29 10:21:40 +0900,body_mass_kg,62.1,InBody
2024-04-29,2024-04-29 10:21:40 +0900,lean_body_mass_kg,47.4,InBody
2024-04-29,2024-04-29 10:51:35 +0900,bmi,21.9,InBody
2024-04-29,2024-04-29 10:51:35 +0900,body_fat_pct,24.0,InBody
2024-04-29,2024-04-29 10:51:35 +0900,body_mass_kg,61.9,InBody
2024-04-29,2024-04-29 10:51:35 +0900,lean_body_mass_kg,47.0,InBody
2024-04-29,2024-04-29 11:31:55 +0900,bmi,21.8,InBody
2024-04-29,2024-04-29 11:31:55 +0900,body_fat_pct,23.9,InBody
2024-04-29,2024-04-29 11:31:55 +0900,body_mass_kg,61.6,InBody
2024-04-29,2024-04-29 11:31:55 +0900,lean_body_mass_kg,46.9,InBody
2024-04-30,2024-04-30 09:19:23 +0900,bmi,22.0,InBody
2024-04-30,2024-04-30 09:19:23 +0900,body_fat_pct,22.5,InBody
2024-04-30,2024-04-30 09:19:23 +0900,body_mass_kg,62.0,InBody
2024-04-30,2024-04-30 09:19:23 +0900,lean_body_mass_kg,48.0,InBody
2024-05-01,2024-05-01 10:00:19 +0900,bmi,22.0,InBody
2024-05-01,2024-05-01 10:00:19 +0900,body_fat_pct,23.1,InBody
2024-05-01,2024-05-01 10:00:19 +0900,body_mass_kg,62.0,InBody
2024-05-01,2024-05-01 10:00:19 +0900,lean_body_mass_kg,47.7,InBody
2024-05-02,2024-05-02 06:14:06 +0900,bmi,21.9,InBody
2024-05-02,2024-05-02 06:14:06 +0900,body_fat_pct,22.4,InBody
2024-05-02,2024-05-02 06:14:06 +0900,body_mass_kg,61.9,InBody
2024-05-02,2024-05-02 06:14:06 +0900,lean_body_mass_kg,48.0,InBody
2024-05-03,2024-05-03 10:59:40 +0900,bmi,21.8,InBody
2024-05-03,2024-05-03 10:59:40 +0900,body_fat_pct,21.6,InBody
2024-05-03,2024-05-03 10:59:40 +0900,body_mass_kg,61.6,InBody
2024-05-03,2024-05-03 10:59:40 +0900,lean_body_mass_kg,48.3,InBody
2024-05-04,2024-05-04 09:30:56 +0900,bmi,21.5,InBody
2024-05-04,2024-05-04 09:30:56 +0900,body_fat_pct,21.8,InBody
2024-05-04,2024-05-04 09:30:56 +0900,body_mass_kg,60.8,InBody
2024-05-04,2024-05-04 09:30:56 +0900,lean_body_mass_kg,47.5,InBody
2024-05-05,2024-05-05 10:09:35 +0900,bmi,21.3,InBody
2024-05-05,2024-05-05 10:09:35 +0900,body_fat_pct,24.0,InBody
2024-05-05,2024-05-05 10:09:35 +0900,body_mass_kg,60.1,InBody
2024-05-05,2024-05-05 10:09:35 +0900,lean_body_mass_kg,45.7,InBody
2024-05-06,2024-05-06 07:40:33 +0900,bmi,21.3,InBody
2024-05-06,2024-05-06 07:40:33 +0900,body_fat_pct,24.0,InBody
2024-05-06,2024-05-06 07:40:33 +0900,body_mass_kg,60.0,InBody
2024-05-06,2024-05-06 07:40:33 +0900,lean_body_mass_kg,45.6,InBody
2024-05-07,2024-05-07 10:10:56 +0900,bmi,21.3,InBody
2024-05-07,2024-05-07 10:10:56 +0900,body_fat_pct,23.0,InBody
2024-05-07,2024-05-07 10:10:56 +0900,body_mass_kg,60.2,InBody
2024-05-07,2024-05-07 10:10:56 +0900,lean_body_mass_kg,46.4,InBody
2024-05-08,2024-05-08 10:15:58 +0900,bmi,21.1,InBody
2024-05-08,2024-05-08 10:15:58 +0900,body_fat_pct,23.5,InBody
2024-05-08,2024-05-08 10:15:58 +0900,body_mass_kg,59.6,InBody
2024-05-08,2024-05-08 10:15:58 +0900,lean_body_mass_kg,45.6,InBody
2024-05-09,2024-05-09 09:28:17 +0900,bmi,21.2,InBody
2024-05-09,2024-05-09 09:28:17 +0900,body_fat_pct,23.7,InBody
2024-05-09,2024-05-09 09:28:17 +0900,body_mass_kg,59.7,InBody
2024-05-09,2024-05-09 09:28:17 +0900,lean_body_mass_kg,45.6,InBody
2024-05-10,2024-05-10 09:32:27 +0900,bmi,21.3,InBody
2024-05-10,2024-05-10 09:32:27 +0900,body_fat_pct,21.7,InBody
2024-05-10,2024-05-10 09:32:27 +0900,body_mass_kg,60.0,InBody
2024-05-10,2024-05-10 09:32:27 +0900,lean_body_mass_kg,47.0,InBody
2024-05-10,2024-05-10 10:07:22 +0900,bmi,21.3,InBody
2024-05-10,2024-05-10 10:07:22 +0900,body_fat_pct,22.8,InBody
2024-05-10,2024-05-10 10:07:22 +0900,body_mass_kg,60.1,InBody
2024-05-10,2024-05-10 10:07:22 +0900,lean_body_mass_kg,46.4,InBody
2024-05-11,2024-05-11 06:48:09 +0900,bmi,21.2,InBody
2024-05-11,2024-05-11 06:48:09 +0900,body_fat_pct,22.9,InBody
2024-05-11,2024-05-11 06:48:09 +0900,body_mass_kg,59.7,InBody
2024-05-11,2024-05-11 06:48:09 +0900,lean_body_mass_kg,46.0,InBody
2024-05-11,2024-05-11 11:21:43 +0900,bmi,21.1,InBody
2024-05-11,2024-05-11 11:21:43 +0900,body_fat_pct,23.1,InBody
2024-05-11,2024-05-11 11:21:43 +0900,body_mass_kg,59.5,InBody
2024-05-11,2024-05-11 11:21:43 +0900,lean_body_mass_kg,45.8,InBody
2024-05-13,2024-05-13 09:54:49 +0900,bmi,21.3,InBody
2024-05-13,2024-05-13 09:54:49 +0900,body_fat_pct,22.4,InBody
2024-05-13,2024-05-13 09:54:49 +0900,body_mass_kg,60.0,InBody
2024-05-13,2024-05-13 09:54:49 +0900,lean_body_mass_kg,46.6,InBody
2024-05-14,2024-05-14 08:33:47 +0900,bmi,21.3,InBody
2024-05-14,2024-05-14 08:33:47 +0900,body_fat_pct,23.6,InBody
2024-05-14,2024-05-14 08:33:47 +0900,body_mass_kg,60.2,InBody
2024-05-14,2024-05-14 08:33:47 +0900,lean_body_mass_kg,46.0,InBody
2024-05-15,2024-05-15 11:12:01 +0900,bmi,21.2,InBody
2024-05-15,2024-05-15 11:12:01 +0900,body_fat_pct,23.4,InBody
2024-05-15,2024-05-15 11:12:01 +0900,body_mass_kg,59.8,InBody
2024-05-15,2024-05-15 11:12:01 +0900,lean_body_mass_kg,45.8,InBody
2024-05-16,2024-05-16 11:37:25 +0900,bmi,21.2,InBody
2024-05-16,2024-05-16 11:37:25 +0900,body_fat_pct,23.3,InBody
2024-05-16,2024-05-16 11:37:25 +0900,body_mass_kg,59.8,InBody
2024-05-16,2024-05-16 11:37:25 +0900,lean_body_mass_kg,45.9,InBody
2024-05-17,2024-05-17 06:28:22 +0900,bmi,21.2,InBody
2024-05-17,2024-05-17 06:28:22 +0900,body_fat_pct,22.9,InBody
2024-05-17,2024-05-17 06:28:22 +0900,body_mass_kg,59.8,InBody
2024-05-17,2024-05-17 06:28:22 +0900,lean_body_mass_kg,46.1,InBody
2024-05-18,2024-05-18 10:11:55 +0900,bmi,21.2,InBody
2024-05-18,2024-05-18 10:11:55 +0900,body_fat_pct,23.2,InBody
2024-05-18,2024-05-18 10:11:55 +0900,body_mass_kg,59.8,InBody
2024-05-18,2024-05-18 10:11:55 +0900,lean_body_mass_kg,45.9,InBody
2024-05-19,2024-05-19 11:18:34 +0900,bmi,21.0,InBody
2024-05-19,2024-05-19 11:18:34 +0900,body_fat_pct,21.0,InBody
2024-05-19,2024-05-19 11:18:34 +0900,body_mass_kg,59.4,InBody
2024-05-19,2024-05-19 11:18:34 +0900,lean_body_mass_kg,46.9,InBody
2024-05-20,2024-05-20 09:17:52 +0900,bmi,21.0,InBody
2024-05-20,2024-05-20 09:17:52 +0900,body_fat_pct,22.4,InBody
2024-05-20,2024-05-20 09:17:52 +0900,body_mass_kg,59.2,InBody
2024-05-20,2024-05-20 09:17:52 +0900,lean_body_mass_kg,45.9,InBody
2024-05-21,2024-05-21 09:10:47 +0900,bmi,20.8,InBody
2024-05-21,2024-05-21 09:10:47 +0900,body_fat_pct,22.9,InBody
2024-05-21,2024-05-21 09:10:47 +0900,body_mass_kg,58.7,InBody
2024-05-21,2024-05-21 09:10:47 +0900,lean_body_mass_kg,45.3,InBody
2024-05-22,2024-05-22 09:33:30 +0900,bmi,21.0,InBody
2024-05-22,2024-05-22 09:33:30 +0900,body_fat_pct,22.0,InBody
2024-05-22,2024-05-22 09:33:30 +0900,body_mass_kg,59.2,InBody
2024-05-22,2024-05-22 09:33:30 +0900,lean_body_mass_kg,46.2,InBody
2024-05-24,2024-05-24 09:24:01 +0900,bmi,20.8,InBody
2024-05-24,2024-05-24 09:24:01 +0900,body_fat_pct,21.7,InBody
2024-05-24,2024-05-24 09:24:01 +0900,body_mass_kg,58.7,InBody
2024-05-24,2024-05-24 09:24:01 +0900,lean_body_mass_kg,46.0,InBody
2024-05-25,2024-05-25 10:07:23 +0900,bmi,20.9,InBody
2024-05-25,2024-05-25 10:07:23 +0900,body_fat_pct,21.0,InBody
2024-05-25,2024-05-25 10:07:23 +0900,body_mass_kg,58.9,InBody
2024-05-25,2024-05-25 10:07:23 +0900,lean_body_mass_kg,46.5,InBody
2024-05-26,2024-05-26 08:21:32 +0900,bmi,20.9,InBody
2024-05-26,2024-05-26 08:21:32 +0900,body_fat_pct,20.9,InBody
2024-05-26,2024-05-26 08:21:32 +0900,body_mass_kg,58.9,InBody
2024-05-26,2024-05-26 08:21:32 +0900,lean_body_mass_kg,46.6,InBody
2024-05-27,2024-05-27 09:11:48 +0900,bmi,21.1,InBody
2024-05-27,2024-05-27 09:11:48 +0900,body_fat_pct,20.8,InBody
2024-05-27,2024-05-27 09:11:48 +0900,body_mass_kg,59.6,InBody
2024-05-27,2024-05-27 09:11:48 +0900,lean_body_mass_kg,47.2,InBody
2024-05-28,2024-05-28 07:52:13 +0900,bmi,20.9,InBody
2024-05-28,2024-05-28 07:52:13 +0900,body_fat_pct,20.4,InBody
2024-05-28,2024-05-28 07:52:13 +0900,body_mass_kg,59.0,InBody
2024-05-28,2024-05-28 07:52:13 +0900,lean_body_mass_kg,47.0,InBody
2024-05-29,2024-05-29 17:25:52 +0900,bmi,21.3,InBody
2024-05-29,2024-05-29 17:25:52 +0900,body_fat_pct,20.0,InBody
2024-05-29,2024-05-29 17:25:52 +0900,body_mass_kg,60.1,InBody
2024-05-29,2024-05-29 17:25:52 +0900,lean_body_mass_kg,48.1,InBody
2024-05-29,2024-05-29 17:46:52 +0900,bmi,21.3,InBody
2024-05-29,2024-05-29 17:46:52 +0900,body_fat_pct,20.3,InBody
2024-05-29,2024-05-29 17:46:52 +0900,body_mass_kg,60.0,InBody
2024-05-29,2024-05-29 17:46:52 +0900,lean_body_mass_kg,47.8,InBody
2024-05-30,2024-05-30 08:40:45 +0900,bmi,21.0,InBody
2024-05-30,2024-05-30 08:40:45 +0900,body_fat_pct,20.7,InBody
2024-05-30,2024-05-30 08:40:45 +0900,body_mass_kg,59.3,InBody
2024-05-30,2024-05-30 08:40:45 +0900,lean_body_mass_kg,47.0,InBody
2024-05-31,2024-05-31 09:27:24 +0900,bmi,21.0,InBody
2024-05-31,2024-05-31 09:27:24 +0900,body_fat_pct,20.7,InBody
2024-05-31,2024-05-31 09:27:24 +0900,body_mass_kg,59.4,InBody
2024-05-31,2024-05-31 09:27:24 +0900,lean_body_mass_kg,47.1,InBody
2024-06-01,2024-06-01 08:55:55 +0900,bmi,20.9,InBody
2024-06-01,2024-06-01 08:55:55 +0900,body_fat_pct,20.1,InBody
2024-06-01,2024-06-01 08:55:55 +0900,body_mass_kg,59.1,InBody
2024-06-01,2024-06-01 08:55:55 +0900,lean_body_mass_kg,47.2,InBody
2024-06-02,2024-06-02 09:33:07 +0900,bmi,20.8,InBody
2024-06-02,2024-06-02 09:33:07 +0900,body_fat_pct,20.6,InBody
2024-06-02,2024-06-02 09:33:07 +0900,body_mass_kg,58.6,InBody
2024-06-02,2024-06-02 09:33:07 +0900,lean_body_mass_kg,46.5,InBody
2024-06-03,2024-06-03 10:00:46 +0900,bmi,20.9,InBody
2024-06-03,2024-06-03 10:00:46 +0900,body_fat_pct,19.8,InBody
2024-06-03,2024-06-03 10:00:46 +0900,body_mass_kg,59.0,InBody
2024-06-03,2024-06-03 10:00:46 +0900,lean_body_mass_kg,47.3,InBody
2024-06-04,2024-06-04 08:54:56 +0900,bmi,20.7,InBody
2024-06-04,2024-06-04 08:54:56 +0900,body_fat_pct,20.7,InBody
2024-06-04,2024-06-04 08:54:56 +0900,body_mass_kg,58.4,InBody
2024-06-04,2024-06-04 08:54:56 +0900,lean_body_mass_kg,46.3,InBody
2024-06-05,2024-06-05 09:28:25 +0900,bmi,20.5,InBody
2024-06-05,2024-06-05 09:28:25 +0900,body_fat_pct,20.2,InBody
2024-06-05,2024-06-05 09:28:25 +0900,body_mass_kg,58.0,InBody
2024-06-05,2024-06-05 09:28:25 +0900,lean_body_mass_kg,46.3,InBody
2024-06-06,2024-06-06 08:59:04 +0900,bmi,20.5,InBody
2024-06-06,2024-06-06 08:59:04 +0900,body_fat_pct,20.6,InBody
2024-06-06,2024-06-06 08:59:04 +0900,body_mass_kg,57.8,InBody
2024-06-06,2024-06-06 08:59:04 +0900,lean_body_mass_kg,45.9,InBody
2024-06-07,2024-06-07 09:53:11 +0900,bmi,20.5,InBody
2024-06-07,2024-06-07 09:53:11 +0900,body_fat_pct,19.3,InBody
2024-06-07,2024-06-07 09:53:11 +0900,body_mass_kg,57.8,InBody
2024-06-07,2024-06-07 09:53:11 +0900,lean_body_mass_kg,46.6,InBody
2024-06-08,2024-06-08 10:06:24 +0900,bmi,20.5,InBody
2024-06-08,2024-06-08 10:06:24 +0900,body_fat_pct,19.9,InBody
2024-06-08,2024-06-08 10:06:24 +0900,body_mass_kg,57.9,InBody
2024-06-08,2024-06-08 10:06:24 +0900,lean_body_mass_kg,46.4,InBody
2024-06-08,2024-06-08 10:37:42 +0900,bmi,20.5,InBody
2024-06-08,2024-06-08 10:37:42 +0900,body_fat_pct,19.1,InBody
2024-06-08,2024-06-08 10:37:42 +0900,body_mass_kg,57.9,InBody
2024-06-08,2024-06-08 10:37:42 +0900,lean_body_mass_kg,46.8,InBody
2024-06-09,2024-06-09 09:09:12 +0900,bmi,20.5,InBody
2024-06-09,2024-06-09 09:09:12 +0900,body_fat_pct,20.6,InBody
2024-06-09,2024-06-09 09:09:12 +0900,body_mass_kg,57.8,InBody
2024-06-09,2024-06-09 09:09:12 +0900,lean_body_mass_kg,45.9,InBody
2024-06-10,2024-06-10 08:53:34 +0900,bmi,20.3,InBody
2024-06-10,2024-06-10 08:53:34 +0900,body_fat_pct,19.7,InBody
2024-06-10,2024-06-10 08:53:34 +0900,body_mass_kg,57.4,InBody
2024-06-10,2024-06-10 08:53:34 +0900,lean_body_mass_kg,46.1,InBody
2024-06-11,2024-06-11 08:28:48 +0900,bmi,20.6,InBody
2024-06-11,2024-06-11 08:28:48 +0900,body_fat_pct,19.9,InBody
2024-06-11,2024-06-11 08:28:48 +0900,body_mass_kg,58.1,InBody
2024-06-11,2024-06-11 08:28:48 +0900,lean_body_mass_kg,46.5,InBody
2024-06-12,2024-06-12 10:06:31 +0900,bmi,20.6,InBody
2024-06-12,2024-06-12 10:06:31 +0900,body_fat_pct,20.2,InBody
2024-06-12,2024-06-12 10:06:31 +0900,body_mass_kg,58.2,InBody
2024-06-12,2024-06-12 10:06:31 +0900,lean_body_mass_kg,46.4,InBody
2024-06-13,2024-06-13 11:39:54 +0900,bmi,20.7,InBody
2024-06-13,2024-06-13 11:39:54 +0900,body_fat_pct,20.3,InBody
2024-06-13,2024-06-13 11:39:54 +0900,body_mass_kg,58.4,InBody
2024-06-13,2024-06-13 11:39:54 +0900,lean_body_mass_kg,46.5,InBody
2024-06-15,2024-06-15 07:37:03 +0900,bmi,20.8,InBody
2024-06-15,2024-06-15 07:37:03 +0900,body_fat_pct,20.5,InBody
2024-06-15,2024-06-15 07:37:03 +0900,body_mass_kg,58.6,InBody
2024-06-15,2024-06-15 07:37:03 +0900,lean_body_mass_kg,46.6,InBody
2024-06-16,2024-06-16 05:13:07 +0900,bmi,20.5,InBody
2024-06-16,2024-06-16 05:13:07 +0900,body_fat_pct,19.9,InBody
2024-06-16,2024-06-16 05:13:07 +0900,body_mass_kg,58.0,InBody
2024-06-16,2024-06-16 05:13:07 +0900,lean_body_mass_kg,46.5,InBody
2024-06-22,2024-06-22 22:30:54 +0900,bmi,20.2,InBody
2024-06-22,2024-06-22 22:30:54 +0900,body_fat_pct,18.2,InBody
2024-06-22,2024-06-22 22:30:54 +0900,body_mass_kg,56.9,InBody
2024-06-22,2024-06-22 22:30:54 +0900,lean_body_mass_kg,46.5,InBody
2024-06-23,2024-06-23 09:38:37 +0900,bmi,20.0,InBody
2024-06-23,2024-06-23 09:38:37 +0900,body_fat_pct,18.7,InBody
2024-06-23,2024-06-23 09:38:37 +0900,body_mass_kg,56.5,InBody
2024-06-23,2024-06-23 09:38:37 +0900,lean_body_mass_kg,45.9,InBody
2024-06-24,2024-06-24 07:36:58 +0900,bmi,20.1,InBody
2024-06-24,2024-06-24 07:36:58 +0900,body_fat_pct,18.8,InBody
2024-06-24,2024-06-24 07:36:58 +0900,body_mass_kg,56.8,InBody
2024-06-24,2024-06-24 07:36:58 +0900,lean_body_mass_kg,46.1,InBody
2024-06-25,2024-06-25 08:09:10 +0900,bmi,20.0,InBody
2024-06-25,2024-06-25 08:09:10 +0900,body_fat_pct,18.5,InBody
2024-06-25,2024-06-25 08:09:10 +0900,body_mass_kg,56.4,InBody
2024-06-25,2024-06-25 08:09:10 +0900,lean_body_mass_kg,46.0,InBody
2024-06-26,2024-06-26 08:15:27 +0900,bmi,20.0,InBody
2024-06-26,2024-06-26 08:15:27 +0900,body_fat_pct,18.6,InBody
2024-06-26,2024-06-26 08:15:27 +0900,body_mass_kg,56.4,InBody
2024-06-26,2024-06-26 08:15:27 +0900,lean_body_mass_kg,45.9,InBody
2024-06-27,2024-06-27 07:48:12 +0900,bmi,20.1,InBody
2024-06-27,2024-06-27 07:48:12 +0900,body_fat_pct,18.4,InBody
2024-06-27,2024-06-27 07:48:12 +0900,body_mass_kg,56.6,InBody
2024-06-27,2024-06-27 07:48:12 +0900,lean_body_mass_kg,46.2,InBody
2024-06-28,2024-06-28 07:32:02 +0900,bmi,20.1,InBody
2024-06-28,2024-06-28 07:32:02 +0900,body_fat_pct,19.4,InBody
2024-06-28,2024-06-28 07:32:02 +0900,body_mass_kg,56.6,InBody
2024-06-28,2024-06-28 07:32:02 +0900,lean_body_mass_kg,45.6,InBody
2024-06-29,2024-06-29 07:45:21 +0900,bmi,20.0,InBody
2024-06-29,2024-06-29 07:45:21 +0900,body_fat_pct,19.0,InBody
2024-06-29,2024-06-29 07:45:21 +0900,body_mass_kg,56.4,InBody
2024-06-29,2024-06-29 07:45:21 +0900,lean_body_mass_kg,45.7,InBody
2024-06-29,2024-06-29 09:31:16 +0900,bmi,19.9,InBody
2024-06-29,2024-06-29 09:31:16 +0900,body_fat_pct,18.0,InBody
2024-06-29,2024-06-29 09:31:16 +0900,body_mass_kg,56.2,InBody
2024-06-29,2024-06-29 09:31:16 +0900,lean_body_mass_kg,46.1,InBody
2024-07-01,2024-07-01 08:42:51 +0900,bmi,19.8,InBody
2024-07-01,2024-07-01 08:42:51 +0900,body_fat_pct,18.4,InBody
2024-07-01,2024-07-01 08:42:51 +0900,body_mass_kg,55.9,InBody
2024-07-01,2024-07-01 08:42:51 +0900,lean_body_mass_kg,45.6,InBody
2024-07-02,2024-07-02 00:57:52 +0900,bmi,19.9,InBody
2024-07-02,2024-07-02 00:57:52 +0900,body_fat_pct,18.6,InBody
2024-07-02,2024-07-02 00:57:52 +0900,body_mass_kg,56.1,InBody
2024-07-02,2024-07-02 00:57:52 +0900,lean_body_mass_kg,45.7,InBody
2024-07-02,2024-07-02 08:11:07 +0900,bmi,19.7,InBody
2024-07-02,2024-07-02 08:11:07 +0900,body_fat_pct,18.1,InBody
2024-07-02,2024-07-02 08:11:07 +0900,body_mass_kg,55.7,InBody
2024-07-02,2024-07-02 08:11:07 +0900,lean_body_mass_kg,45.6,InBody
2024-07-03,2024-07-03 09:43:28 +0900,bmi,19.9,InBody
2024-07-03,2024-07-03 09:43:28 +0900,body_fat_pct,19.1,InBody
2024-07-03,2024-07-03 09:43:28 +0900,body_mass_kg,56.1,InBody
2024-07-03,2024-07-03 09:43:28 +0900,lean_body_mass_kg,45.4,InBody
2024-07-04,2024-07-04 04:02:53 +0900,bmi,20.0,InBody
2024-07-04,2024-07-04 04:02:53 +0900,body_fat_pct,17.8,InBody
2024-07-04,2024-07-04 04:02:53 +0900,body_mass_kg,56.5,InBody
2024-07-04,2024-07-04 04:02:53 +0900,lean_body_mass_kg,46.4,InBody
2024-07-04,2024-07-04 05:54:24 +0900,bmi,19.9,InBody
2024-07-04,2024-07-04 05:54:24 +0900,body_fat_pct,17.5,InBody
2024-07-04,2024-07-04 05:54:24 +0900,body_mass_kg,56.2,InBody
2024-07-04,2024-07-04 05:54:24 +0900,lean_body_mass_kg,46.4,InBody
2024-07-11,2024-07-11 20:53:20 +0900,bmi,20.0,InBody
2024-07-11,2024-07-11 20:53:20 +0900,body_fat_pct,18.6,InBody
2024-07-11,2024-07-11 20:53:20 +0900,body_mass_kg,56.4,InBody
2024-07-11,2024-07-11 20:53:20 +0900,lean_body_mass_kg,45.9,InBody
2024-07-12,2024-07-12 11:54:36 +0900,bmi,20.3,InBody
2024-07-12,2024-07-12 11:54:36 +0900,body_fat_pct,19.2,InBody
2024-07-12,2024-07-12 11:54:36 +0900,body_mass_kg,57.2,InBody
2024-07-12,2024-07-12 11:54:36 +0900,lean_body_mass_kg,46.2,InBody
2024-07-13,2024-07-13 08:58:16 +0900,bmi,20.3,InBody
2024-07-13,2024-07-13 08:58:16 +0900,body_fat_pct,19.2,InBody
2024-07-13,2024-07-13 08:58:16 +0900,body_mass_kg,57.3,InBody
2024-07-13,2024-07-13 08:58:16 +0900,lean_body_mass_kg,46.3,InBody
2024-07-14,2024-07-14 10:47:15 +0900,bmi,20.2,InBody
2024-07-14,2024-07-14 10:47:15 +0900,body_fat_pct,18.6,InBody
2024-07-14,2024-07-14 10:47:15 +0900,body_mass_kg,57.1,InBody
2024-07-14,2024-07-14 10:47:15 +0900,lean_body_mass_kg,46.5,InBody
2024-07-15,2024-07-15 10:05:48 +0900,bmi,20.3,InBody
2024-07-15,2024-07-15 10:05:48 +0900,body_fat_pct,19.2,InBody
2024-07-15,2024-07-15 10:05:48 +0900,body_mass_kg,57.4,InBody
2024-07-15,2024-07-15 10:05:48 +0900,lean_body_mass_kg,46.4,InBody
2024-07-18,2024-07-18 00:55:32 +0900,bmi,20.5,InBody
2024-07-18,2024-07-18 00:55:32 +0900,body_fat_pct,20.4,InBody
2024-07-18,2024-07-18 00:55:32 +0900,body_mass_kg,57.9,InBody
2024-07-18,2024-07-18 00:55:32 +0900,lean_body_mass_kg,46.1,InBody
2024-07-18,2024-07-18 10:11:40 +0900,bmi,20.3,InBody
2024-07-18,2024-07-18 10:11:40 +0900,body_fat_pct,19.5,InBody
2024-07-18,2024-07-18 10:11:40 +0900,body_mass_kg,57.2,InBody
2024-07-18,2024-07-18 10:11:40 +0900,lean_body_mass_kg,46.0,InBody
2024-07-19,2024-07-19 08:54:12 +0900,bmi,20.3,InBody
2024-07-19,2024-07-19 08:54:12 +0900,body_fat_pct,18.8,InBody
2024-07-19,2024-07-19 08:54:12 +0900,body_mass_kg,57.4,InBody
2024-07-19,2024-07-19 08:54:12 +0900,lean_body_mass_kg,46.6,InBody
2024-07-21,2024-07-21 11:36:27 +0900,bmi,20.4,InBody
2024-07-21,2024-07-21 11:36:27 +0900,body_fat_pct,20.1,InBody
2024-07-21,2024-07-21 11:36:27 +0900,body_mass_kg,57.6,InBody
2024-07-21,2024-07-21 11:36:27 +0900,lean_body_mass_kg,46.0,InBody
2024-07-25,2024-07-25 08:22:13 +0900,bmi,20.2,InBody
2024-07-25,2024-07-25 08:22:13 +0900,body_fat_pct,19.4,InBody
2024-07-25,2024-07-25 08:22:13 +0900,body_mass_kg,57.1,InBody
2024-07-25,2024-07-25 08:22:13 +0900,lean_body_mass_kg,46.0,InBody
2024-07-27,2024-07-27 09:39:41 +0900,bmi,20.3,InBody
2024-07-27,2024-07-27 09:39:41 +0900,body_fat_pct,19.5,InBody
2024-07-27,2024-07-27 09:39:41 +0900,body_mass_kg,57.2,InBody
2024-07-27,2024-07-27 09:39:41 +0900,lean_body_mass_kg,46.0,InBody
2024-07-29,2024-07-29 07:43:38 +0900,bmi,20.4,InBody
2024-07-29,2024-07-29 07:43:38 +0900,body_fat_pct,19.5,InBody
2024-07-29,2024-07-29 07:43:38 +0900,body_mass_kg,57.7,InBody
2024-07-29,2024-07-29 07:43:38 +0900,lean_body_mass_kg,46.4,InBody
2024-07-31,2024-07-31 06:18:27 +0900,bmi,20.3,InBody
2024-07-31,2024-07-31 06:18:27 +0900,body_fat_pct,20.4,InBody
2024-07-31,2024-07-31 06:18:27 +0900,body_mass_kg,57.2,InBody
2024-07-31,2024-07-31 06:18:27 +0900,lean_body_mass_kg,45.5,InBody
2024-08-01,2024-08-01 09:09:16 +0900,bmi,20.4,InBody
2024-08-01,2024-08-01 09:09:16 +0900,body_fat_pct,19.4,InBody
2024-08-01,2024-08-01 09:09:16 +0900,body_mass_kg,57.5,InBody
2024-08-01,2024-08-01 09:09:16 +0900,lean_body_mass_kg,46.3,InBody
2024-08-05,2024-08-05 09:57:35 +0900,bmi,20.9,InBody
2024-08-05,2024-08-05 09:57:35 +0900,body_fat_pct,19.5,InBody
2024-08-05,2024-08-05 09:57:35 +0900,body_mass_kg,59.0,InBody
2024-08-05,2024-08-05 09:57:35 +0900,lean_body_mass_kg,47.5,InBody
2024-08-06,2024-08-06 09:30:52 +0900,bmi,20.8,InBody
2024-08-06,2024-08-06 09:30:52 +0900,body_fat_pct,20.3,InBody
2024-08-06,2024-08-06 09:30:52 +0900,body_mass_kg,58.6,InBody
2024-08-06,2024-08-06 09:30:52 +0900,lean_body_mass_kg,46.7,InBody
2024-08-07,2024-08-07 07:26:53 +0900,bmi,20.4,InBody
2024-08-07,2024-08-07 07:26:53 +0900,body_fat_pct,20.8,InBody
2024-08-07,2024-08-07 07:26:53 +0900,body_mass_kg,57.5,InBody
2024-08-07,2024-08-07 07:26:53 +0900,lean_body_mass_kg,45.5,InBody
2024-08-08,2024-08-08 10:07:00 +0900,bmi,20.4,InBody
2024-08-08,2024-08-08 10:07:00 +0900,body_fat_pct,20.4,InBody
2024-08-08,2024-08-08 10:07:00 +0900,body_mass_kg,57.5,InBody
2024-08-08,2024-08-08 10:07:00 +0900,lean_body_mass_kg,45.8,InBody
2024-08-09,2024-08-09 04:37:16 +0900,bmi,20.5,InBody
2024-08-09,2024-08-09 04:37:16 +0900,body_fat_pct,20.5,InBody
2024-08-09,2024-08-09 04:37:16 +0900,body_mass_kg,58.0,InBody
2024-08-09,2024-08-09 04:37:16 +0900,lean_body_mass_kg,46.1,InBody
2024-08-11,2024-08-11 08:55:01 +0900,bmi,20.6,InBody
2024-08-11,2024-08-11 08:55:01 +0900,body_fat_pct,20.0,InBody
2024-08-11,2024-08-11 08:55:01 +0900,body_mass_kg,58.1,InBody
2024-08-11,2024-08-11 08:55:01 +0900,lean_body_mass_kg,46.5,InBody
2024-08-11,2024-08-11 09:38:44 +0900,bmi,20.5,InBody
2024-08-11,2024-08-11 09:38:44 +0900,body_fat_pct,20.4,InBody
2024-08-11,2024-08-11 09:38:44 +0900,body_mass_kg,58.0,InBody
2024-08-11,2024-08-11 09:38:44 +0900,lean_body_mass_kg,46.2,InBody
2024-08-12,2024-08-12 08:14:51 +0900,bmi,20.6,InBody
2024-08-12,2024-08-12 08:14:51 +0900,body_fat_pct,20.1,InBody
2024-08-12,2024-08-12 08:14:51 +0900,body_mass_kg,58.1,InBody
2024-08-12,2024-08-12 08:14:51 +0900,lean_body_mass_kg,46.4,InBody
2024-08-15,2024-08-15 08:38:51 +0900,bmi,20.8,InBody
2024-08-15,2024-08-15 08:38:51 +0900,body_fat_pct,19.9,InBody
2024-08-15,2024-08-15 08:38:51 +0900,body_mass_kg,58.8,InBody
2024-08-15,2024-08-15 08:38:51 +0900,lean_body_mass_kg,47.1,InBody
2024-08-17,2024-08-17 09:46:07 +0900,bmi,20.8,InBody
2024-08-17,2024-08-17 09:46:07 +0900,body_fat_pct,20.4,InBody
2024-08-17,2024-08-17 09:46:07 +0900,body_mass_kg,58.7,InBody
2024-08-17,2024-08-17 09:46:07 +0900,lean_body_mass_kg,46.7,InBody
2024-08-19,2024-08-19 08:12:59 +0900,bmi,20.9,InBody
2024-08-19,2024-08-19 08:12:59 +0900,body_fat_pct,19.9,InBody
2024-08-19,2024-08-19 08:12:59 +0900,body_mass_kg,58.9,InBody
2024-08-19,2024-08-19 08:12:59 +0900,lean_body_mass_kg,47.2,InBody
2024-08-20,2024-08-20 08:59:22 +0900,bmi,20.5,InBody
2024-08-20,2024-08-20 08:59:22 +0900,body_fat_pct,19.6,InBody
2024-08-20,2024-08-20 08:59:22 +0900,body_mass_kg,57.9,InBody
2024-08-20,2024-08-20 08:59:22 +0900,lean_body_mass_kg,46.6,InBody
2024-08-21,2024-08-21 10:12:55 +0900,bmi,20.6,InBody
2024-08-21,2024-08-21 10:12:55 +0900,body_fat_pct,20.0,InBody
2024-08-21,2024-08-21 10:12:55 +0900,body_mass_kg,58.1,InBody
2024-08-21,2024-08-21 10:12:55 +0900,lean_body_mass_kg,46.5,InBody
2024-08-22,2024-08-22 07:51:13 +0900,bmi,20.7,InBody
2024-08-22,2024-08-22 07:51:13 +0900,body_fat_pct,19.6,InBody
2024-08-22,2024-08-22 07:51:13 +0900,body_mass_kg,58.3,InBody
2024-08-22,2024-08-22 07:51:13 +0900,lean_body_mass_kg,46.9,InBody
2024-08-23,2024-08-23 10:27:31 +0900,bmi,20.7,InBody
2024-08-23,2024-08-23 10:27:31 +0900,body_fat_pct,19.3,InBody
2024-08-23,2024-08-23 10:27:31 +0900,body_mass_kg,58.4,InBody
2024-08-23,2024-08-23 10:27:31 +0900,lean_body_mass_kg,47.1,InBody
2024-08-25,2024-08-25 09:26:53 +0900,bmi,20.6,InBody
2024-08-25,2024-08-25 09:26:53 +0900,body_fat_pct,20.0,InBody
2024-08-25,2024-08-25 09:26:53 +0900,body_mass_kg,58.1,InBody
2024-08-25,2024-08-25 09:26:53 +0900,lean_body_mass_kg,46.5,InBody
2024-08-27,2024-08-27 07:57:03 +0900,bmi,20.7,InBody
2024-08-27,2024-08-27 07:57:03 +0900,body_fat_pct,20.7,InBody
2024-08-27,2024-08-27 07:57:03 +0900,body_mass_kg,58.5,InBody
2024-08-27,2024-08-27 07:57:03 +0900,lean_body_mass_kg,46.4,InBody
2024-09-03,2024-09-03 00:43:33 +0900,bmi,21.2,InBody
2024-09-03,2024-09-03 00:43:33 +0900,body_fat_pct,20.2,InBody
2024-09-03,2024-09-03 00:43:33 +0900,body_mass_kg,59.7,InBody
2024-09-03,2024-09-03 00:43:33 +0900,lean_body_mass_kg,47.6,InBody
2024-09-03,2024-09-03 09:43:00 +0900,bmi,20.9,InBody
2024-09-03,2024-09-03 09:43:00 +0900,body_fat_pct,21.3,InBody
2024-09-03,2024-09-03 09:43:00 +0900,body_mass_kg,59.1,InBody
2024-09-03,2024-09-03 09:43:00 +0900,lean_body_mass_kg,46.5,InBody
2024-09-03,2024-09-03 09:52:53 +0900,bmi,20.9,InBody
2024-09-03,2024-09-03 09:52:53 +0900,body_fat_pct,21.2,InBody
2024-09-03,2024-09-03 09:52:53 +0900,body_mass_kg,58.9,InBody
2024-09-03,2024-09-03 09:52:53 +0900,lean_body_mass_kg,46.4,InBody
2024-09-04,2024-09-04 08:51:20 +0900,bmi,20.8,InBody
2024-09-04,2024-09-04 08:51:20 +0900,body_fat_pct,20.5,InBody
2024-09-04,2024-09-04 08:51:20 +0900,body_mass_kg,58.8,InBody
2024-09-04,2024-09-04 08:51:20 +0900,lean_body_mass_kg,46.7,InBody
2024-09-05,2024-09-05 09:10:02 +0900,bmi,20.8,InBody
2024-09-05,2024-09-05 09:10:02 +0900,body_fat_pct,19.9,InBody
2024-09-05,2024-09-05 09:10:02 +0900,body_mass_kg,58.7,InBody
2024-09-05,2024-09-05 09:10:02 +0900,lean_body_mass_kg,47.0,InBody
2024-09-06,2024-09-06 09:29:10 +0900,bmi,20.7,InBody
2024-09-06,2024-09-06 09:29:10 +0900,body_fat_pct,20.4,InBody
2024-09-06,2024-09-06 09:29:10 +0900,body_mass_kg,58.4,InBody
2024-09-06,2024-09-06 09:29:10 +0900,lean_body_mass_kg,46.5,InBody
2024-09-08,2024-09-08 09:42:49 +0900,bmi,21.3,InBody
2024-09-08,2024-09-08 09:42:49 +0900,body_fat_pct,20.9,InBody
2024-09-08,2024-09-08 09:42:49 +0900,body_mass_kg,60.0,InBody
2024-09-08,2024-09-08 09:42:49 +0900,lean_body_mass_kg,47.5,InBody
2024-09-09,2024-09-09 10:56:43 +0900,bmi,21.2,InBody
2024-09-09,2024-09-09 10:56:43 +0900,body_fat_pct,20.5,InBody
2024-09-09,2024-09-09 10:56:43 +0900,body_mass_kg,59.8,InBody
2024-09-09,2024-09-09 10:56:43 +0900,lean_body_mass_kg,47.5,InBody
2024-09-10,2024-09-10 08:48:13 +0900,bmi,20.8,InBody
2024-09-10,2024-09-10 08:48:13 +0900,body_fat_pct,21.8,InBody
2024-09-10,2024-09-10 08:48:13 +0900,body_mass_kg,58.8,InBody
2024-09-10,2024-09-10 08:48:13 +0900,lean_body_mass_kg,46.0,InBody
2024-09-10,2024-09-10 23:09:26 +0900,bmi,20.7,InBody
2024-09-10,2024-09-10 23:09:26 +0900,body_fat_pct,22.5,InBody
2024-09-10,2024-09-10 23:09:26 +0900,body_mass_kg,58.3,InBody
2024-09-10,2024-09-10 23:09:26 +0900,lean_body_mass_kg,45.2,InBody
2024-09-11,2024-09-11 08:21:06 +0900,bmi,20.4,InBody
2024-09-11,2024-09-11 08:21:06 +0900,body_fat_pct,21.4,InBody
2024-09-11,2024-09-11 08:21:06 +0900,body_mass_kg,57.7,InBody
2024-09-11,2024-09-11 08:21:06 +0900,lean_body_mass_kg,45.4,InBody
2024-09-12,2024-09-12 08:38:53 +0900,bmi,20.4,InBody
2024-09-12,2024-09-12 08:38:53 +0900,body_fat_pct,20.8,InBody
2024-09-12,2024-09-12 08:38:53 +0900,body_mass_kg,57.7,InBody
2024-09-12,2024-09-12 08:38:53 +0900,lean_body_mass_kg,45.7,InBody
2024-09-23,2024-09-23 19:11:38 +0900,bmi,21.9,InBody
2024-09-23,2024-09-23 19:11:38 +0900,body_fat_pct,21.1,InBody
2024-09-23,2024-09-23 19:11:38 +0900,body_mass_kg,61.8,InBody
2024-09-23,2024-09-23 19:11:38 +0900,lean_body_mass_kg,48.8,InBody
2024-09-24,2024-09-24 04:44:47 +0900,bmi,21.3,InBody
2024-09-24,2024-09-24 04:44:47 +0900,body_fat_pct,21.8,InBody
2024-09-24,2024-09-24 04:44:47 +0900,body_mass_kg,60.2,InBody
2024-09-24,2024-09-24 04:44:47 +0900,lean_body_mass_kg,47.1,InBody
2024-09-25,2024-09-25 07:24:13 +0900,bmi,21.2,InBody
2024-09-25,2024-09-25 07:24:13 +0900,body_fat_pct,22.8,InBody
2024-09-25,2024-09-25 07:24:13 +0900,body_mass_kg,59.8,InBody
2024-09-25,2024-09-25 07:24:13 +0900,lean_body_mass_kg,46.2,InBody
2024-09-26,2024-09-26 08:42:41 +0900,bmi,21.1,InBody
2024-09-26,2024-09-26 08:42:41 +0900,body_fat_pct,22.7,InBody
2024-09-26,2024-09-26 08:42:41 +0900,body_mass_kg,59.5,InBody
2024-09-26,2024-09-26 08:42:41 +0900,lean_body_mass_kg,46.0,InBody
2024-09-27,2024-09-27 09:24:19 +0900,bmi,21.2,InBody
2024-09-27,2024-09-27 09:24:19 +0900,body_fat_pct,22.4,InBody
2024-09-27,2024-09-27 09:24:19 +0900,body_mass_kg,59.8,InBody
2024-09-27,2024-09-27 09:24:19 +0900,lean_body_mass_kg,46.4,InBody
2024-09-28,2024-09-28 12:46:27 +0900,bmi,21.3,InBody
2024-09-28,2024-09-28 12:46:27 +0900,body_fat_pct,22.4,InBody
2024-09-28,2024-09-28 12:46:27 +0900,body_mass_kg,60.1,InBody
2024-09-28,2024-09-28 12:46:27 +0900,lean_body_mass_kg,46.6,InBody
2024-09-30,2024-09-30 08:48:40 +0900,bmi,21.4,InBody
2024-09-30,2024-09-30 08:48:40 +0900,body_fat_pct,22.4,InBody
2024-09-30,2024-09-30 08:48:40 +0900,body_mass_kg,60.3,InBody
2024-09-30,2024-09-30 08:48:40 +0900,lean_body_mass_kg,46.8,InBody
2024-10-01,2024-10-01 09:58:46 +0900,bmi,21.4,InBody
2024-10-01,2024-10-01 09:58:46 +0900,body_fat_pct,22.5,InBody
2024-10-01,2024-10-01 09:58:46 +0900,body_mass_kg,60.4,InBody
2024-10-01,2024-10-01 09:58:46 +0900,lean_body_mass_kg,46.8,InBody
2024-10-02,2024-10-02 08:52:55 +0900,bmi,21.5,InBody
2024-10-02,2024-10-02 08:52:55 +0900,body_fat_pct,23.8,InBody
2024-10-02,2024-10-02 08:52:55 +0900,body_mass_kg,60.6,InBody
2024-10-02,2024-10-02 08:52:55 +0900,lean_body_mass_kg,46.2,InBody
2024-10-03,2024-10-03 07:06:22 +0900,bmi,21.6,InBody
2024-10-03,2024-10-03 07:06:22 +0900,body_fat_pct,23.2,InBody
2024-10-03,2024-10-03 07:06:22 +0900,body_mass_kg,60.9,InBody
2024-10-03,2024-10-03 07:06:22 +0900,lean_body_mass_kg,46.8,InBody
2024-10-03,2024-10-03 10:34:26 +0900,bmi,21.4,InBody
2024-10-03,2024-10-03 10:34:26 +0900,body_fat_pct,23.4,InBody
2024-10-03,2024-10-03 10:34:26 +0900,body_mass_kg,60.3,InBody
2024-10-03,2024-10-03 10:34:26 +0900,lean_body_mass_kg,46.2,InBody
2024-10-04,2024-10-04 07:18:18 +0900,bmi,21.3,InBody
2024-10-04,2024-10-04 07:18:18 +0900,body_fat_pct,23.8,InBody
2024-10-04,2024-10-04 07:18:18 +0900,body_mass_kg,60.1,InBody
2024-10-04,2024-10-04 07:18:18 +0900,lean_body_mass_kg,45.8,InBody
2024-10-07,2024-10-07 08:59:09 +0900,bmi,22.0,InBody
2024-10-07,2024-10-07 08:59:09 +0900,body_fat_pct,23.6,InBody
2024-10-07,2024-10-07 08:59:09 +0900,body_mass_kg,62.1,InBody
2024-10-07,2024-10-07 08:59:09 +0900,lean_body_mass_kg,47.4,InBody
2024-10-09,2024-10-09 08:01:59 +0900,bmi,21.2,InBody
2024-10-09,2024-10-09 08:01:59 +0900,body_fat_pct,23.8,InBody
2024-10-09,2024-10-09 08:01:59 +0900,body_mass_kg,59.8,InBody
2024-10-09,2024-10-09 08:01:59 +0900,lean_body_mass_kg,45.6,InBody
2024-10-10,2024-10-10 07:41:10 +0900,bmi,21.0,InBody
2024-10-10,2024-10-10 07:41:10 +0900,body_fat_pct,24.2,InBody
2024-10-10,2024-10-10 07:41:10 +0900,body_mass_kg,59.4,InBody
2024-10-10,2024-10-10 07:41:10 +0900,lean_body_mass_kg,45.0,InBody
2024-10-11,2024-10-11 09:19:13 +0900,bmi,21.1,InBody
2024-10-11,2024-10-11 09:19:13 +0900,body_fat_pct,23.0,InBody
2024-10-11,2024-10-11 09:19:13 +0900,body_mass_kg,59.6,InBody
2024-10-11,2024-10-11 09:19:13 +0900,lean_body_mass_kg,45.9,InBody
2024-10-12,2024-10-12 08:26:07 +0900,bmi,21.2,InBody
2024-10-12,2024-10-12 08:26:07 +0900,body_fat_pct,23.2,InBody
2024-10-12,2024-10-12 08:26:07 +0900,body_mass_kg,59.9,InBody
2024-10-12,2024-10-12 08:26:07 +0900,lean_body_mass_kg,46.0,InBody
2024-10-22,2024-10-22 08:56:03 +0900,bmi,21.5,InBody
2024-10-22,2024-10-22 08:56:03 +0900,body_fat_pct,24.0,InBody
2024-10-22,2024-10-22 08:56:03 +0900,body_mass_kg,60.7,InBody
2024-10-22,2024-10-22 08:56:03 +0900,lean_body_mass_kg,46.1,InBody
2024-10-23,2024-10-23 09:38:14 +0900,bmi,21.6,InBody
2024-10-23,2024-10-23 09:38:14 +0900,body_fat_pct,23.5,InBody
2024-10-23,2024-10-23 09:38:14 +0900,body_mass_kg,60.9,InBody
2024-10-23,2024-10-23 09:38:14 +0900,lean_body_mass_kg,46.6,InBody
2024-10-24,2024-10-24 09:21:43 +0900,bmi,21.5,InBody
2024-10-24,2024-10-24 09:21:43 +0900,body_fat_pct,23.2,InBody
2024-10-24,2024-10-24 09:21:43 +0900,body_mass_kg,60.7,InBody
2024-10-24,2024-10-24 09:21:43 +0900,lean_body_mass_kg,46.6,InBody
2024-10-26,2024-10-26 09:33:11 +0900,bmi,21.4,InBody
2024-10-26,2024-10-26 09:33:11 +0900,body_fat_pct,23.8,InBody
2024-10-26,2024-10-26 09:33:11 +0900,body_mass_kg,60.5,InBody
2024-10-26,2024-10-26 09:33:11 +0900,lean_body_mass_kg,46.1,InBody
2024-10-28,2024-10-28 06:12:11 +0900,bmi,21.0,InBody
2024-10-28,2024-10-28 06:12:11 +0900,body_fat_pct,23.1,InBody
2024-10-28,2024-10-28 06:12:11 +0900,body_mass_kg,59.2,InBody
2024-10-28,2024-10-28 06:12:11 +0900,lean_body_mass_kg,45.5,InBody
2024-10-28,2024-10-28 08:09:18 +0900,bmi,21.0,InBody
2024-10-28,2024-10-28 08:09:18 +0900,body_fat_pct,23.7,InBody
2024-10-28,2024-10-28 08:09:18 +0900,body_mass_kg,59.3,InBody
2024-10-28,2024-10-28 08:09:18 +0900,lean_body_mass_kg,45.2,InBody
2024-10-29,2024-10-29 08:00:01 +0900,bmi,21.2,InBody
2024-10-29,2024-10-29 08:00:01 +0900,body_fat_pct,22.1,InBody
2024-10-29,2024-10-29 08:00:01 +0900,body_mass_kg,59.7,InBody
2024-10-29,2024-10-29 08:00:01 +0900,lean_body_mass_kg,46.5,InBody
2024-10-30,2024-10-30 09:12:12 +0900,bmi,21.4,InBody
2024-10-30,2024-10-30 09:12:12 +0900,body_fat_pct,22.0,InBody
2024-10-30,2024-10-30 09:12:12 +0900,body_mass_kg,60.3,InBody
2024-10-30,2024-10-30 09:12:12 +0900,lean_body_mass_kg,47.0,InBody
2024-10-31,2024-10-31 09:21:24 +0900,bmi,21.4,InBody
2024-10-31,2024-10-31 09:21:24 +0900,body_fat_pct,22.5,InBody
2024-10-31,2024-10-31 09:21:24 +0900,body_mass_kg,60.5,InBody
2024-10-31,2024-10-31 09:21:24 +0900,lean_body_mass_kg,46.9,InBody
2024-11-01,2024-11-01 04:51:04 +0900,bmi,21.3,InBody
2024-11-01,2024-11-01 04:51:04 +0900,body_fat_pct,21.3,InBody
2024-11-01,2024-11-01 04:51:04 +0900,body_mass_kg,60.1,InBody
2024-11-01,2024-11-01 04:51:04 +0900,lean_body_mass_kg,47.3,InBody
2024-11-02,2024-11-02 08:42:14 +0900,bmi,21.2,InBody
2024-11-02,2024-11-02 08:42:14 +0900,body_fat_pct,23.2,InBody
2024-11-02,2024-11-02 08:42:14 +0900,body_mass_kg,59.9,InBody
2024-11-02,2024-11-02 08:42:14 +0900,lean_body_mass_kg,46.0,InBody
2024-11-03,2024-11-03 09:47:16 +0900,bmi,21.3,InBody
2024-11-03,2024-11-03 09:47:16 +0900,body_fat_pct,22.8,InBody
2024-11-03,2024-11-03 09:47:16 +0900,body_mass_kg,60.2,InBody
2024-11-03,2024-11-03 09:47:16 +0900,lean_body_mass_kg,46.5,InBody
2024-11-04,2024-11-04 09:20:29 +0900,bmi,21.4,InBody
2024-11-04,2024-11-04 09:20:29 +0900,body_fat_pct,23.1,InBody
2024-11-04,2024-11-04 09:20:29 +0900,body_mass_kg,60.5,InBody
2024-11-04,2024-11-04 09:20:29 +0900,lean_body_mass_kg,46.5,InBody
2024-11-11,2024-11-11 09:20:36 +0900,bmi,21.5,InBody
2024-11-11,2024-11-11 09:20:36 +0900,body_fat_pct,23.5,InBody
2024-11-11,2024-11-11 09:20:36 +0900,body_mass_kg,60.8,InBody
2024-11-11,2024-11-11 09:20:36 +0900,lean_body_mass_kg,46.5,InBody
2024-11-12,2024-11-12 09:04:48 +0900,bmi,21.3,InBody
2024-11-12,2024-11-12 09:04:48 +0900,body_fat_pct,24.5,InBody
2024-11-12,2024-11-12 09:04:48 +0900,body_mass_kg,60.0,InBody
2024-11-12,2024-11-12 09:04:48 +0900,lean_body_mass_kg,45.3,InBody
2024-11-17,2024-11-17 06:34:19 +0900,bmi,21.5,InBody
2024-11-17,2024-11-17 06:34:19 +0900,body_fat_pct,24.3,InBody
2024-11-17,2024-11-17 06:34:19 +0900,body_mass_kg,60.6,InBody
2024-11-17,2024-11-17 06:34:19 +0900,lean_body_mass_kg,45.9,InBody
2024-11-29,2024-11-29 10:29:55 +0900,bmi,21.8,InBody
2024-11-29,2024-11-29 10:29:55 +0900,body_fat_pct,24.6,InBody
2024-11-29,2024-11-29 10:29:55 +0900,body_mass_kg,61.6,InBody
2024-11-29,2024-11-29 10:29:55 +0900,lean_body_mass_kg,46.4,InBody
2024-12-02,2024-12-02 12:09:51 +0900,bmi,21.6,InBody
2024-12-02,2024-12-02 12:09:51 +0900,body_fat_pct,25.5,InBody
2024-12-02,2024-12-02 12:09:51 +0900,body_mass_kg,60.9,InBody
2024-12-02,2024-12-02 12:09:51 +0900,lean_body_mass_kg,45.4,InBody
2024-12-16,2024-12-16 11:31:47 +0900,bmi,22.1,InBody
2024-12-16,2024-12-16 11:31:47 +0900,body_fat_pct,25.2,InBody
2024-12-16,2024-12-16 11:31:47 +0900,body_mass_kg,62.4,InBody
2024-12-16,2024-12-16 11:31:47 +0900,lean_body_mass_kg,46.7,InBody
2024-12-21,2024-12-21 11:18:48 +0900,bmi,22.0,InBody
2024-12-21,2024-12-21 11:18:48 +0900,body_fat_pct,26.9,InBody
2024-12-21,2024-12-21 11:18:48 +0900,body_mass_kg,62.2,InBody
2024-12-21,2024-12-21 11:18:48 +0900,lean_body_mass_kg,45.5,InBody
2024-12-28,2024-12-28 01:01:00 +0900,bmi,22.1,InBody
2024-12-28,2024-12-28 01:01:00 +0900,body_fat_pct,26.8,InBody
2024-12-28,2024-12-28 01:01:00 +0900,body_mass_kg,62.4,InBody
2024-12-28,2024-12-28 01:01:00 +0900,lean_body_mass_kg,45.7,InBody
2024-12-28,2024-12-28 09:16:33 +0900,bmi,22.0,InBody
2024-12-28,2024-12-28 09:16:33 +0900,body_fat_pct,26.9,InBody
2024-12-28,2024-12-28 09:16:33 +0900,body_mass_kg,62.0,InBody
2024-12-28,2024-12-28 09:16:33 +0900,lean_body_mass_kg,45.3,InBody
2025-01-02,2025-01-02 10:26:19 +0900,bmi,22.1,InBody
2025-01-02,2025-01-02 10:26:19 +0900,body_fat_pct,25.7,InBody
2025-01-02,2025-01-02 10:26:19 +0900,body_mass_kg,62.5,InBody
2025-01-02,2025-01-02 10:26:19 +0900,lean_body_mass_kg,46.4,InBody
2025-01-11,2025-01-11 10:36:08 +0900,bmi,22.4,InBody
2025-01-11,2025-01-11 10:36:08 +0900,body_fat_pct,26.2,InBody
2025-01-11,2025-01-11 10:36:08 +0900,body_mass_kg,63.1,InBody
2025-01-11,2025-01-11 10:36:08 +0900,lean_body_mass_kg,46.6,InBody
2025-01-12,2025-01-12 08:00:44 +0900,bmi,22.3,InBody
2025-01-12,2025-01-12 08:00:44 +0900,body_fat_pct,27.9,InBody
2025-01-12,2025-01-12 08:00:44 +0900,body_mass_kg,62.8,InBody
2025-01-12,2025-01-12 08:00:44 +0900,lean_body_mass_kg,45.3,InBody
2025-01-15,2025-01-15 11:09:59 +0900,bmi,22.2,InBody
2025-01-15,2025-01-15 11:09:59 +0900,body_fat_pct,26.2,InBody
2025-01-15,2025-01-15 11:09:59 +0900,body_mass_kg,62.7,InBody
2025-01-15,2025-01-15 11:09:59 +0900,lean_body_mass_kg,46.3,InBody
2025-01-16,2025-01-16 10:33:59 +0900,bmi,22.3,InBody
2025-01-16,2025-01-16 10:33:59 +0900,body_fat_pct,26.0,InBody
2025-01-16,2025-01-16 10:33:59 +0900,body_mass_kg,62.8,InBody
2025-01-16,2025-01-16 10:33:59 +0900,lean_body_mass_kg,46.5,InBody
2025-01-17,2025-01-17 14:16:34 +0900,bmi,22.2,InBody
2025-01-17,2025-01-17 14:16:34 +0900,body_fat_pct,24.9,InBody
2025-01-17,2025-01-17 14:16:34 +0900,body_mass_kg,62.7,InBody
2025-01-17,2025-01-17 14:16:34 +0900,lean_body_mass_kg,47.1,InBody
2025-01-20,2025-01-20 07:20:13 +0900,bmi,21.8,InBody
2025-01-20,2025-01-20 07:20:13 +0900,body_fat_pct,26.4,InBody
2025-01-20,2025-01-20 07:20:13 +0900,body_mass_kg,61.5,InBody
2025-01-20,2025-01-20 07:20:13 +0900,lean_body_mass_kg,45.3,InBody
2025-01-21,2025-01-21 09:58:27 +0900,bmi,21.8,InBody
2025-01-21,2025-01-21 09:58:27 +0900,body_fat_pct,26.5,InBody
2025-01-21,2025-01-21 09:58:27 +0900,body_mass_kg,61.6,InBody
2025-01-21,2025-01-21 09:58:27 +0900,lean_body_mass_kg,45.3,InBody
2025-01-22,2025-01-22 08:48:33 +0900,bmi,21.9,InBody
2025-01-22,2025-01-22 08:48:33 +0900,body_fat_pct,26.4,InBody
2025-01-22,2025-01-22 08:48:33 +0900,body_mass_kg,61.7,InBody
2025-01-22,2025-01-22 08:48:33 +0900,lean_body_mass_kg,45.4,InBody
2025-01-23,2025-01-23 08:23:53 +0900,bmi,22.0,InBody
2025-01-23,2025-01-23 08:23:53 +0900,body_fat_pct,25.8,InBody
2025-01-23,2025-01-23 08:23:53 +0900,body_mass_kg,62.0,InBody
2025-01-23,2025-01-23 08:23:53 +0900,lean_body_mass_kg,46.0,InBody
2025-01-24,2025-01-24 10:21:20 +0900,bmi,22.0,InBody
2025-01-24,2025-01-24 10:21:20 +0900,body_fat_pct,27.6,InBody
2025-01-24,2025-01-24 10:21:20 +0900,body_mass_kg,62.0,InBody
2025-01-24,2025-01-24 10:21:20 +0900,lean_body_mass_kg,44.9,InBody
2025-01-30,2025-01-30 12:04:39 +0900,bmi,22.5,InBody
2025-01-30,2025-01-30 12:04:39 +0900,body_fat_pct,25.5,InBody
2025-01-30,2025-01-30 12:04:39 +0900,body_mass_kg,63.4,InBody
2025-01-30,2025-01-30 12:04:39 +0900,lean_body_mass_kg,47.2,InBody
2025-02-03,2025-02-03 09:40:21 +0900,bmi,22.7,InBody
2025-02-03,2025-02-03 09:40:21 +0900,body_fat_pct,25.9,InBody
2025-02-03,2025-02-03 09:40:21 +0900,body_mass_kg,64.1,InBody
2025-02-03,2025-02-03 09:40:21 +0900,lean_body_mass_kg,47.5,InBody
2025-02-04,2025-02-04 05:41:45 +0900,bmi,22.3,InBody
2025-02-04,2025-02-04 05:41:45 +0900,body_fat_pct,26.5,InBody
2025-02-04,2025-02-04 05:41:45 +0900,body_mass_kg,62.9,InBody
2025-02-04,2025-02-04 05:41:45 +0900,lean_body_mass_kg,46.2,InBody
2025-02-05,2025-02-05 09:05:38 +0900,bmi,22.1,InBody
2025-02-05,2025-02-05 09:05:38 +0900,body_fat_pct,26.9,InBody
2025-02-05,2025-02-05 09:05:38 +0900,body_mass_kg,62.5,InBody
2025-02-05,2025-02-05 09:05:38 +0900,lean_body_mass_kg,45.7,InBody
2025-02-06,2025-02-06 06:21:06 +0900,bmi,22.3,InBody
2025-02-06,2025-02-06 06:21:06 +0900,body_fat_pct,26.7,InBody
2025-02-06,2025-02-06 06:21:06 +0900,body_mass_kg,62.8,InBody
2025-02-06,2025-02-06 06:21:06 +0900,lean_body_mass_kg,46.0,InBody
2025-02-07,2025-02-07 10:16:55 +0900,bmi,22.1,InBody
2025-02-07,2025-02-07 10:16:55 +0900,body_fat_pct,26.8,InBody
2025-02-07,2025-02-07 10:16:55 +0900,body_mass_kg,62.4,InBody
2025-02-07,2025-02-07 10:16:55 +0900,lean_body_mass_kg,45.7,InBody
2025-02-08,2025-02-08 09:29:35 +0900,bmi,22.1,InBody
2025-02-08,2025-02-08 09:29:35 +0900,body_fat_pct,27.3,InBody
2025-02-08,2025-02-08 09:29:35 +0900,body_mass_kg,62.5,InBody
2025-02-08,2025-02-08 09:29:35 +0900,lean_body_mass_kg,45.4,InBody
2025-02-09,2025-02-09 07:47:01 +0900,bmi,22.5,InBody
2025-02-09,2025-02-09 07:47:01 +0900,body_fat_pct,27.0,InBody
2025-02-09,2025-02-09 07:47:01 +0900,body_mass_kg,63.5,InBody
2025-02-09,2025-02-09 07:47:01 +0900,lean_body_mass_kg,46.4,InBody
2025-02-10,2025-02-10 09:25:41 +0900,bmi,22.1,InBody
2025-02-10,2025-02-10 09:25:41 +0900,body_fat_pct,27.5,InBody
2025-02-10,2025-02-10 09:25:41 +0900,body_mass_kg,62.4,InBody
2025-02-10,2025-02-10 09:25:41 +0900,lean_body_mass_kg,45.2,InBody
2025-02-11,2025-02-11 10:23:36 +0900,bmi,22.2,InBody
2025-02-11,2025-02-11 10:23:36 +0900,body_fat_pct,26.5,InBody
2025-02-11,2025-02-11 10:23:36 +0900,body_mass_kg,62.7,InBody
2025-02-11,2025-02-11 10:23:36 +0900,lean_body_mass_kg,46.1,InBody
2025-02-12,2025-02-12 09:27:53 +0900,bmi,22.1,InBody
2025-02-12,2025-02-12 09:27:53 +0900,body_fat_pct,26.8,InBody
2025-02-12,2025-02-12 09:27:53 +0900,body_mass_kg,62.3,InBody
2025-02-12,2025-02-12 09:27:53 +0900,lean_body_mass_kg,45.6,InBody
2025-02-13,2025-02-13 09:16:42 +0900,bmi,22.1,InBody
2025-02-13,2025-02-13 09:16:42 +0900,body_fat_pct,26.4,InBody
2025-02-13,2025-02-13 09:16:42 +0900,body_mass_kg,62.5,InBody
2025-02-13,2025-02-13 09:16:42 +0900,lean_body_mass_kg,46.0,InBody
2025-02-14,2025-02-14 10:05:52 +0900,bmi,22.3,InBody
2025-02-14,2025-02-14 10:05:52 +0900,body_fat_pct,26.0,InBody
2025-02-14,2025-02-14 10:05:52 +0900,body_mass_kg,62.9,InBody
2025-02-14,2025-02-14 10:05:52 +0900,lean_body_mass_kg,46.5,InBody
2025-02-15,2025-02-15 10:06:50 +0900,bmi,22.3,InBody
2025-02-15,2025-02-15 10:06:50 +0900,body_fat_pct,25.6,InBody
2025-02-15,2025-02-15 10:06:50 +0900,body_mass_kg,62.9,InBody
2025-02-15,2025-02-15 10:06:50 +0900,lean_body_mass_kg,46.8,InBody
2025-02-16,2025-02-16 10:42:00 +0900,bmi,22.4,InBody
2025-02-16,2025-02-16 10:42:00 +0900,body_fat_pct,25.2,InBody
2025-02-16,2025-02-16 10:42:00 +0900,body_mass_kg,63.2,InBody
2025-02-16,2025-02-16 10:42:00 +0900,lean_body_mass_kg,47.3,InBody
2025-02-18,2025-02-18 09:02:19 +0900,bmi,22.8,InBody
2025-02-18,2025-02-18 09:02:19 +0900,body_fat_pct,25.6,InBody
2025-02-18,2025-02-18 09:02:19 +0900,body_mass_kg,64.4,InBody
2025-02-18,2025-02-18 09:02:19 +0900,lean_body_mass_kg,47.9,InBody
2025-02-19,2025-02-19 10:43:53 +0900,bmi,22.6,InBody
2025-02-19,2025-02-19 10:43:53 +0900,body_fat_pct,26.1,InBody
2025-02-19,2025-02-19 10:43:53 +0900,body_mass_kg,63.9,InBody
2025-02-19,2025-02-19 10:43:53 +0900,lean_body_mass_kg,47.2,InBody
2025-02-20,2025-02-20 08:28:58 +0900,bmi,22.5,InBody
2025-02-20,2025-02-20 08:28:58 +0900,body_fat_pct,26.3,InBody
2025-02-20,2025-02-20 08:28:58 +0900,body_mass_kg,63.5,InBody
2025-02-20,2025-02-20 08:28:58 +0900,lean_body_mass_kg,46.8,InBody
2025-02-24,2025-02-24 11:18:58 +0900,bmi,22.6,InBody
2025-02-24,2025-02-24 11:18:58 +0900,body_fat_pct,26.2,InBody
2025-02-24,2025-02-24 11:18:58 +0900,body_mass_kg,63.7,InBody
2025-02-24,2025-02-24 11:18:58 +0900,lean_body_mass_kg,47.0,InBody
2025-03-01,2025-03-01 09:28:30 +0900,bmi,21.9,InBody
2025-03-01,2025-03-01 09:28:30 +0900,body_fat_pct,27.6,InBody
2025-03-01,2025-03-01 09:28:30 +0900,body_mass_kg,61.7,InBody
2025-03-01,2025-03-01 09:28:30 +0900,lean_body_mass_kg,44.7,InBody
2025-03-10,2025-03-10 09:00:37 +0900,bmi,22.5,InBody
2025-03-10,2025-03-10 09:00:37 +0900,body_fat_pct,25.7,InBody
2025-03-10,2025-03-10 09:00:37 +0900,body_mass_kg,63.6,InBody
2025-03-10,2025-03-10 09:00:37 +0900,lean_body_mass_kg,47.3,InBody
2025-03-15,2025-03-15 01:30:47 +0900,bmi,22.6,InBody
2025-03-15,2025-03-15 01:30:47 +0900,body_fat_pct,25.7,InBody
2025-03-15,2025-03-15 01:30:47 +0900,body_mass_kg,63.7,InBody
2025-03-15,2025-03-15 01:30:47 +0900,lean_body_mass_kg,47.3,InBody
2025-03-15,2025-03-15 10:13:09 +0900,bmi,22.4,InBody
2025-03-15,2025-03-15 10:13:09 +0900,body_fat_pct,27.0,InBody
2025-03-15,2025-03-15 10:13:09 +0900,body_mass_kg,63.1,InBody
2025-03-15,2025-03-15 10:13:09 +0900,lean_body_mass_kg,46.1,InBody
2025-03-17,2025-03-17 09:30:00 +0900,bmi,22.4,InBody
2025-03-17,2025-03-17 09:30:00 +0900,body_fat_pct,27.5,InBody
2025-03-17,2025-03-17 09:30:00 +0900,body_mass_kg,63.2,InBody
2025-03-17,2025-03-17 09:30:00 +0900,lean_body_mass_kg,45.8,InBody
2025-03-24,2025-03-24 10:14:17 +0900,bmi,22.8,InBody
2025-03-24,2025-03-24 10:14:17 +0900,body_fat_pct,27.4,InBody
2025-03-24,2025-03-24 10:14:17 +0900,body_mass_kg,64.3,InBody
2025-03-24,2025-03-24 10:14:17 +0900,lean_body_mass_kg,46.7,InBody
2025-04-01,2025-04-01 07:39:06 +0900,bmi,22.6,InBody
2025-04-01,2025-04-01 07:39:06 +0900,body_fat_pct,27.8,InBody
2025-04-01,2025-04-01 07:39:06 +0900,body_mass_kg,63.8,InBody
2025-04-01,2025-04-01 07:39:06 +0900,lean_body_mass_kg,46.1,InBody
2025-04-07,2025-04-07 07:32:08 +0900,bmi,22.1,InBody
2025-04-07,2025-04-07 07:32:08 +0900,body_fat_pct,26.7,InBody
2025-04-07,2025-04-07 07:32:08 +0900,body_mass_kg,62.3,InBody
2025-04-07,2025-04-07 07:32:08 +0900,lean_body_mass_kg,45.7,InBody
2025-04-13,2025-04-13 07:08:03 +0900,bmi,22.0,InBody
2025-04-13,2025-04-13 07:08:03 +0900,body_fat_pct,27.0,InBody
2025-04-13,2025-04-13 07:08:03 +0900,body_mass_kg,62.1,InBody
2025-04-13,2025-04-13 07:08:03 +0900,lean_body_mass_kg,45.3,InBody
2025-04-14,2025-04-14 08:25:05 +0900,bmi,22.1,InBody
2025-04-14,2025-04-14 08:25:05 +0900,body_fat_pct,26.6,InBody
2025-04-14,2025-04-14 08:25:05 +0900,body_mass_kg,62.3,InBody
2025-04-14,2025-04-14 08:25:05 +0900,lean_body_mass_kg,45.7,InBody
2025-04-19,2025-04-19 07:39:43 +0900,bmi,22.0,InBody
2025-04-19,2025-04-19 07:39:43 +0900,body_fat_pct,25.4,InBody
2025-04-19,2025-04-19 07:39:43 +0900,body_mass_kg,62.2,InBody
2025-04-19,2025-04-19 07:39:43 +0900,lean_body_mass_kg,46.4,InBody
2025-04-21,2025-04-21 08:26:15 +0900,bmi,22.3,InBody
2025-04-21,2025-04-21 08:26:15 +0900,body_fat_pct,25.6,InBody
2025-04-21,2025-04-21 08:26:15 +0900,body_mass_kg,62.9,InBody
2025-04-21,2025-04-21 08:26:15 +0900,lean_body_mass_kg,46.8,InBody
2025-04-21,2025-04-21 12:08:27 +0900,bmi,22.1,InBody
2025-04-21,2025-04-21 12:08:27 +0900,body_fat_pct,25.4,InBody
2025-04-21,2025-04-21 12:08:27 +0900,body_mass_kg,62.3,InBody
2025-04-21,2025-04-21 12:08:27 +0900,lean_body_mass_kg,46.5,InBody
2025-04-24,2025-04-24 09:09:13 +0900,bmi,21.9,InBody
2025-04-24,2025-04-24 09:09:13 +0900,body_fat_pct,25.1,InBody
2025-04-24,2025-04-24 09:09:13 +0900,body_mass_kg,61.9,InBody
2025-04-24,2025-04-24 09:09:13 +0900,lean_body_mass_kg,46.4,InBody
2025-04-26,2025-04-26 09:27:40 +0900,bmi,22.0,InBody
2025-04-26,2025-04-26 09:27:40 +0900,body_fat_pct,25.2,InBody
2025-04-26,2025-04-26 09:27:40 +0900,body_mass_kg,62.0,InBody
2025-04-26,2025-04-26 09:27:40 +0900,lean_body_mass_kg,46.4,InBody
2025-04-29,2025-04-29 07:23:12 +0900,bmi,22.5,InBody
2025-04-29,2025-04-29 07:23:12 +0900,body_fat_pct,26.7,InBody
2025-04-29,2025-04-29 07:23:12 +0900,body_mass_kg,63.5,InBody
2025-04-29,2025-04-29 07:23:12 +0900,lean_body_mass_kg,46.5,InBody
2025-05-13,2025-05-13 08:55:42 +0900,bmi,22.1,InBody
2025-05-13,2025-05-13 08:55:42 +0900,body_fat_pct,27.8,InBody
2025-05-13,2025-05-13 08:55:42 +0900,body_mass_kg,62.4,InBody
2025-05-13,2025-05-13 08:55:42 +0900,lean_body_mass_kg,45.1,InBody
2025-05-19,2025-05-19 08:46:16 +0900,bmi,22.5,InBody
2025-05-19,2025-05-19 08:46:16 +0900,body_fat_pct,27.9,InBody
2025-05-19,2025-05-19 08:46:16 +0900,body_mass_kg,63.5,InBody
2025-05-19,2025-05-19 08:46:16 +0900,lean_body_mass_kg,45.8,InBody
2025-05-21,2025-05-21 11:23:53 +0900,bmi,22.3,InBody
2025-05-21,2025-05-21 11:23:53 +0900,body_fat_pct,26.5,InBody
2025-05-21,2025-05-21 11:23:53 +0900,body_mass_kg,62.8,InBody
2025-05-21,2025-05-21 11:23:53 +0900,lean_body_mass_kg,46.2,InBody
2025-05-22,2025-05-22 10:15:05 +0900,bmi,22.3,InBody
2025-05-22,2025-05-22 10:15:05 +0900,body_fat_pct,27.1,InBody
2025-05-22,2025-05-22 10:15:05 +0900,body_mass_kg,63.0,InBody
2025-05-22,2025-05-22 10:15:05 +0900,lean_body_mass_kg,45.9,InBody
2025-05-23,2025-05-23 09:23:10 +0900,bmi,22.4,InBody
2025-05-23,2025-05-23 09:23:10 +0900,body_fat_pct,27.4,InBody
2025-05-23,2025-05-23 09:23:10 +0900,body_mass_kg,63.1,InBody
2025-05-23,2025-05-23 09:23:10 +0900,lean_body_mass_kg,45.8,InBody
2025-05-25,2025-05-25 13:00:36 +0900,bmi,22.7,InBody
2025-05-25,2025-05-25 13:00:36 +0900,body_fat_pct,28.0,InBody
2025-05-25,2025-05-25 13:00:36 +0900,body_mass_kg,64.0,InBody
2025-05-25,2025-05-25 13:00:36 +0900,lean_body_mass_kg,46.1,InBody
2025-05-25,2025-05-25 13:02:56 +0900,bmi,22.7,InBody
2025-05-25,2025-05-25 13:02:56 +0900,body_fat_pct,27.8,InBody
2025-05-25,2025-05-25 13:02:56 +0900,body_mass_kg,64.0,InBody
2025-05-25,2025-05-25 13:02:56 +0900,lean_body_mass_kg,46.2,InBody
2025-05-26,2025-05-26 07:57:42 +0900,bmi,22.5,InBody
2025-05-26,2025-05-26 07:57:42 +0900,body_fat_pct,27.9,InBody
2025-05-26,2025-05-26 07:57:42 +0900,body_mass_kg,63.6,InBody
2025-05-26,2025-05-26 07:57:42 +0900,lean_body_mass_kg,45.9,InBody
2025-06-09,2025-06-09 07:41:08 +0900,bmi,22.4,InBody
2025-06-09,2025-06-09 07:41:08 +0900,body_fat_pct,27.6,InBody
2025-06-09,2025-06-09 07:41:08 +0900,body_mass_kg,63.1,InBody
2025-06-09,2025-06-09 07:41:08 +0900,lean_body_mass_kg,45.7,InBody
2025-06-16,2025-06-16 09:06:04 +0900,bmi,22.5,InBody
2025-06-16,2025-06-16 09:06:04 +0900,body_fat_pct,25.5,InBody
2025-06-16,2025-06-16 09:06:04 +0900,body_mass_kg,63.6,InBody
2025-06-16,2025-06-16 09:06:04 +0900,lean_body_mass_kg,47.4,InBody
2025-06-17,2025-06-17 06:13:42 +0900,bmi,22.1,InBody
2025-06-17,2025-06-17 06:13:42 +0900,body_fat_pct,27.9,InBody
2025-06-17,2025-06-17 06:13:42 +0900,body_mass_kg,62.5,InBody
2025-06-17,2025-06-17 06:13:42 +0900,lean_body_mass_kg,45.1,InBody
2025-06-19,2025-06-19 09:21:15 +0900,bmi,22.1,InBody
2025-06-19,2025-06-19 09:21:15 +0900,body_fat_pct,27.4,InBody
2025-06-19,2025-06-19 09:21:15 +0900,body_mass_kg,62.5,InBody
2025-06-19,2025-06-19 09:21:15 +0900,lean_body_mass_kg,45.4,InBody
2025-06-20,2025-06-20 08:30:35 +0900,bmi,21.8,InBody
2025-06-20,2025-06-20 08:30:35 +0900,body_fat_pct,27.3,InBody
2025-06-20,2025-06-20 08:30:35 +0900,body_mass_kg,61.6,InBody
2025-06-20,2025-06-20 08:30:35 +0900,lean_body_mass_kg,44.8,InBody
2025-06-21,2025-06-21 07:10:54 +0900,bmi,22.1,InBody
2025-06-21,2025-06-21 07:10:54 +0900,body_fat_pct,27.0,InBody
2025-06-21,2025-06-21 07:10:54 +0900,body_mass_kg,62.3,InBody
2025-06-21,2025-06-21 07:10:54 +0900,lean_body_mass_kg,45.5,InBody
2025-06-22,2025-06-22 08:05:18 +0900,bmi,22.0,InBody
2025-06-22,2025-06-22 08:05:18 +0900,body_fat_pct,27.6,InBody
2025-06-22,2025-06-22 08:05:18 +0900,body_mass_kg,62.2,InBody
2025-06-22,2025-06-22 08:05:18 +0900,lean_body_mass_kg,45.0,InBody
2025-06-29,2025-06-29 08:18:34 +0900,bmi,22.2,InBody
2025-06-29,2025-06-29 08:18:34 +0900,body_fat_pct,27.0,InBody
2025-06-29,2025-06-29 08:18:34 +0900,body_mass_kg,62.7,InBody
2025-06-29,2025-06-29 08:18:34 +0900,lean_body_mass_kg,45.8,InBody
2025-06-30,2025-06-30 06:54:12 +0900,bmi,22.2,InBody
2025-06-30,2025-06-30 06:54:12 +0900,body_fat_pct,27.5,InBody
2025-06-30,2025-06-30 06:54:12 +0900,body_mass_kg,62.7,InBody
2025-06-30,2025-06-30 06:54:12 +0900,lean_body_mass_kg,45.5,InBody
2025-07-02,2025-07-02 08:32:22 +0900,bmi,22.0,InBody
2025-07-02,2025-07-02 08:32:22 +0900,body_fat_pct,27.6,InBody
2025-07-02,2025-07-02 08:32:22 +0900,body_mass_kg,62.1,InBody
2025-07-02,2025-07-02 08:32:22 +0900,lean_body_mass_kg,45.0,InBody
2025-07-22,2025-07-22 10:52:57 +0900,bmi,21.9,InBody
2025-07-22,2025-07-22 10:52:57 +0900,body_fat_pct,27.3,InBody
2025-07-22,2025-07-22 10:52:57 +0900,body_mass_kg,61.9,InBody
2025-07-22,2025-07-22 10:52:57 +0900,lean_body_mass_kg,45.0,InBody
2025-07-24,2025-07-24 07:50:18 +0900,bmi,21.9,InBody
2025-07-24,2025-07-24 07:50:18 +0900,body_fat_pct,27.3,InBody
2025-07-24,2025-07-24 07:50:18 +0900,body_mass_kg,61.9,InBody
2025-07-24,2025-07-24 07:50:18 +0900,lean_body_mass_kg,45.0,InBody
2025-07-30,2025-07-30 11:12:51 +0900,bmi,21.9,InBody
2025-07-30,2025-07-30 11:12:51 +0900,body_fat_pct,26.8,InBody
2025-07-30,2025-07-30 11:12:51 +0900,body_mass_kg,61.9,InBody
2025-07-30,2025-07-30 11:12:51 +0900,lean_body_mass_kg,45.3,InBody
2025-07-31,2025-07-31 07:37:46 +0900,bmi,21.9,InBody
2025-07-31,2025-07-31 07:37:46 +0900,body_fat_pct,27.8,InBody
2025-07-31,2025-07-31 07:37:46 +0900,body_mass_kg,61.8,InBody
2025-07-31,2025-07-31 07:37:46 +0900,lean_body_mass_kg,44.6,InBody
2025-08-02,2025-08-02 08:32:56 +0900,bmi,22.0,InBody
2025-08-02,2025-08-02 08:32:56 +0900,body_fat_pct,26.9,InBody
2025-08-02,2025-08-02 08:32:56 +0900,body_mass_kg,62.0,InBody
2025-08-02,2025-08-02 08:32:56 +0900,lean_body_mass_kg,45.3,InBody
2025-08-04,2025-08-04 07:15:02 +0900,bmi,21.8,InBody
2025-08-04,2025-08-04 07:15:02 +0900,body_fat_pct,28.2,InBody
2025-08-04,2025-08-04 07:15:02 +0900,body_mass_kg,61.6,InBody
2025-08-04,2025-08-04 07:15:02 +0900,lean_body_mass_kg,44.2,InBody
2025-08-06,2025-08-06 15:38:44 +0900,body_mass_kg,61.689,Hyoju (4)
2025-08-11,2025-08-11 07:59:34 +0900,bmi,21.4,InBody
2025-08-11,2025-08-11 07:59:34 +0900,body_fat_pct,25.8,InBody
2025-08-11,2025-08-11 07:59:34 +0900,body_mass_kg,60.5,InBody
2025-08-11,2025-08-11 07:59:34 +0900,lean_body_mass_kg,44.9,InBody
2025-08-17,2025-08-17 09:36:52 +0900,bmi,21.3,InBody
2025-08-17,2025-08-17 09:36:52 +0900,body_fat_pct,26.0,InBody
2025-08-17,2025-08-17 09:36:52 +0900,body_mass_kg,60.0,InBody
2025-08-17,2025-08-17 09:36:52 +0900,lean_body_mass_kg,44.4,InBody
2025-08-17,2025-08-17 11:50:28 +0900,bmi,21.2,InBody
2025-08-17,2025-08-17 11:50:28 +0900,body_fat_pct,25.7,InBody
2025-08-17,2025-08-17 11:50:28 +0900,body_mass_kg,59.9,InBody
2025-08-17,2025-08-17 11:50:28 +0900,lean_body_mass_kg,44.5,InBody
2025-08-18,2025-08-18 09:07:38 +0900,bmi,21.2,InBody
2025-08-18,2025-08-18 09:07:38 +0900,body_fat_pct,24.4,InBody
2025-08-18,2025-08-18 09:07:38 +0900,body_mass_kg,59.9,InBody
2025-08-18,2025-08-18 09:07:38 +0900,lean_body_mass_kg,45.3,InBody
2025-08-21,2025-08-21 09:28:30 +0900,bmi,21.1,InBody
2025-08-21,2025-08-21 09:28:30 +0900,body_fat_pct,24.1,InBody
2025-08-21,2025-08-21 09:28:30 +0900,body_mass_kg,59.5,InBody
2025-08-21,2025-08-21 09:28:30 +0900,lean_body_mass_kg,45.2,InBody
2025-08-24,2025-08-24 06:39:26 +0900,bmi,20.9,InBody
2025-08-24,2025-08-24 06:39:26 +0900,body_fat_pct,24.4,InBody
2025-08-24,2025-08-24 06:39:26 +0900,body_mass_kg,59.1,InBody
2025-08-24,2025-08-24 06:39:26 +0900,lean_body_mass_kg,44.7,InBody
2025-08-25,2025-08-25 08:25:35 +0900,bmi,21.1,InBody
2025-08-25,2025-08-25 08:25:35 +0900,body_fat_pct,24.2,InBody
2025-08-25,2025-08-25 08:25:35 +0900,body_mass_kg,59.5,InBody
2025-08-25,2025-08-25 08:25:35 +0900,lean_body_mass_kg,45.1,InBody
2025-08-25,2025-08-25 09:08:13 +0900,bmi,21.0,InBody
2025-08-25,2025-08-25 09:08:13 +0900,body_fat_pct,23.5,InBody
2025-08-25,2025-08-25 09:08:13 +0900,body_mass_kg,59.4,InBody
2025-08-25,2025-08-25 09:08:13 +0900,lean_body_mass_kg,45.4,InBody
2025-08-28,2025-08-28 09:34:04 +0900,bmi,21.1,InBody
2025-08-28,2025-08-28 09:34:04 +0900,body_fat_pct,23.2,InBody
2025-08-28,2025-08-28 09:34:04 +0900,body_mass_kg,59.6,InBody
2025-08-28,2025-08-28 09:34:04 +0900,lean_body_mass_kg,45.8,InBody
2025-08-28,2025-08-28 09:46:55 +0900,bmi,21.0,InBody
2025-08-28,2025-08-28 09:46:55 +0900,body_fat_pct,23.0,InBody
2025-08-28,2025-08-28 09:46:55 +0900,body_mass_kg,59.4,InBody
2025-08-28,2025-08-28 09:46:55 +0900,lean_body_mass_kg,45.7,InBody
2025-08-29,2025-08-29 09:37:13 +0900,bmi,21.4,InBody
2025-08-29,2025-08-29 09:37:13 +0900,body_fat_pct,24.0,InBody
2025-08-29,2025-08-29 09:37:13 +0900,body_mass_kg,60.3,InBody
2025-08-29,2025-08-29 09:37:13 +0900,lean_body_mass_kg,45.8,InBody
2025-08-30,2025-08-30 07:38:51 +0900,bmi,21.3,InBody
2025-08-30,2025-08-30 07:38:51 +0900,body_fat_pct,23.8,InBody
2025-08-30,2025-08-30 07:38:51 +0900,body_mass_kg,60.2,InBody
2025-08-30,2025-08-30 07:38:51 +0900,lean_body_mass_kg,45.9,InBody
2025-09-01,2025-09-01 10:07:36 +0900,bmi,21.5,InBody
2025-09-01,2025-09-01 10:07:36 +0900,body_fat_pct,25.4,InBody
2025-09-01,2025-09-01 10:07:36 +0900,body_mass_kg,60.6,InBody
2025-09-01,2025-09-01 10:07:36 +0900,lean_body_mass_kg,45.2,InBody
2025-09-01,2025-09-01 10:23:58 +0900,bmi,21.5,InBody
2025-09-01,2025-09-01 10:23:58 +0900,body_fat_pct,25.0,InBody
2025-09-01,2025-09-01 10:23:58 +0900,body_mass_kg,60.7,InBody
2025-09-01,2025-09-01 10:23:58 +0900,lean_body_mass_kg,45.5,InBody
2025-09-08,2025-09-08 11:27:29 +0900,bmi,21.3,InBody
2025-09-08,2025-09-08 11:27:29 +0900,body_fat_pct,26.0,InBody
2025-09-08,2025-09-08 11:27:29 +0900,body_mass_kg,60.2,InBody
2025-09-08,2025-09-08 11:27:29 +0900,lean_body_mass_kg,44.5,InBody
2025-09-12,2025-09-12 09:34:46 +0900,bmi,21.4,InBody
2025-09-12,2025-09-12 09:34:46 +0900,body_fat_pct,25.2,InBody
2025-09-12,2025-09-12 09:34:46 +0900,body_mass_kg,60.5,InBody
2025-09-12,2025-09-12 09:34:46 +0900,lean_body_mass_kg,45.3,InBody
2025-09-15,2025-09-15 10:16:59 +0900,bmi,21.3,InBody
2025-09-15,2025-09-15 10:16:59 +0900,body_fat_pct,27.5,InBody
2025-09-15,2025-09-15 10:16:59 +0900,body_mass_kg,60.1,InBody
2025-09-15,2025-09-15 10:16:59 +0900,lean_body_mass_kg,43.6,InBody
2025-09-20,2025-09-20 10:39:56 +0900,bmi,21.4,InBody
2025-09-20,2025-09-20 10:39:56 +0900,body_fat_pct,27.6,InBody
2025-09-20,2025-09-20 10:39:56 +0900,body_mass_kg,60.5,InBody
2025-09-20,2025-09-20 10:39:56 +0900,lean_body_mass_kg,43.8,InBody
2025-10-20,2025-10-20 12:10:35 +0900,bmi,22.2,InBody
2025-10-20,2025-10-20 12:10:35 +0900,body_fat_pct,25.5,InBody
2025-10-20,2025-10-20 12:10:35 +0900,body_mass_kg,62.6,InBody
2025-10-20,2025-10-20 12:10:35 +0900,lean_body_mass_kg,46.6,InBody
2025-10-20,2025-10-20 12:20:16 +0900,bmi,22.1,InBody
2025-10-20,2025-10-20 12:20:16 +0900,body_fat_pct,25.5,InBody
2025-10-20,2025-10-20 12:20:16 +0900,body_mass_kg,62.5,InBody
2025-10-20,2025-10-20 12:20:16 +0900,lean_body_mass_kg,46.6,InBody
2025-11-10,2025-11-10 11:12:52 +0900,bmi,22.3,InBody
2025-11-10,2025-11-10 11:12:52 +0900,body_fat_pct,26.2,InBody
2025-11-10,2025-11-10 11:12:52 +0900,body_mass_kg,63.0,InBody
2025-11-10,2025-11-10 11:12:52 +0900,lean_body_mass_kg,46.5,InBody
2025-12-20,2025-12-20 11:09:12 +0900,bmi,22.4,InBody
2025-12-20,2025-12-20 11:09:12 +0900,body_fat_pct,27.9,InBody
2025-12-20,2025-12-20 11:09:12 +0900,body_mass_kg,63.1,InBody
2025-12-20,2025-12-20 11:09:12 +0900,lean_body_mass_kg,45.5,InBody
2026-01-19,2026-01-19 05:01:49 +0900,bmi,22.9,InBody
2026-01-19,2026-01-19 05:01:49 +0900,body_fat_pct,27.9,InBody
2026-01-19,2026-01-19 05:01:49 +0900,body_mass_kg,64.7,InBody
2026-01-19,2026-01-19 05:01:49 +0900,lean_body_mass_kg,46.6,InBody
2026-01-21,2026-01-21 05:37:29 +0900,bmi,22.2,InBody
2026-01-21,2026-01-21 05:37:29 +0900,body_fat_pct,28.4,InBody
2026-01-21,2026-01-21 05:37:29 +0900,body_mass_kg,62.6,InBody
2026-01-21,2026-01-21 05:37:29 +0900,lean_body_mass_kg,44.8,InBody
2026-01-21,2026-01-21 06:55:10 +0900,bmi,22.3,InBody
2026-01-21,2026-01-21 06:55:10 +0900,body_fat_pct,29.8,InBody
2026-01-21,2026-01-21 06:55:10 +0900,body_mass_kg,62.8,InBody
2026-01-21,2026-01-21 06:55:10 +0900,lean_body_mass_kg,44.1,InBody
2026-01-23,2026-01-23 06:35:20 +0900,bmi,22.2,InBody
2026-01-23,2026-01-23 06:35:20 +0900,body_fat_pct,29.6,InBody
2026-01-23,2026-01-23 06:35:20 +0900,body_mass_kg,62.7,InBody
2026-01-23,2026-01-23 06:35:20 +0900,lean_body_mass_kg,44.1,InBody
2026-01-30,2026-01-30 09:17:54 +0900,bmi,22.7,InBody
2026-01-30,2026-01-30 09:17:54 +0900,body_fat_pct,28.8,InBody
2026-01-30,2026-01-30 09:17:54 +0900,body_mass_kg,64.2,InBody
2026-01-30,2026-01-30 09:17:54 +0900,lean_body_mass_kg,45.7,InBody
2026-01-31,2026-01-31 08:28:42 +0900,bmi,22.6,InBody
2026-01-31,2026-01-31 08:28:42 +0900,body_fat_pct,30.1,InBody
2026-01-31,2026-01-31 08:28:42 +0900,body_mass_kg,63.7,InBody
2026-01-31,2026-01-31 08:28:42 +0900,lean_body_mass_kg,44.5,InBody
2026-02-05,2026-02-05 09:50:49 +0900,bmi,22.5,InBody
2026-02-05,2026-02-05 09:50:49 +0900,body_fat_pct,30.1,InBody
2026-02-05,2026-02-05 09:50:49 +0900,body_mass_kg,63.6,InBody
2026-02-05,2026-02-05 09:50:49 +0900,lean_body_mass_kg,44.5,InBody
2026-02-09,2026-02-09 01:35:59 +0900,bmi,23.1,InBody
2026-02-09,2026-02-09 01:35:59 +0900,body_fat_pct,28.6,InBody
2026-02-09,2026-02-09 01:35:59 +0900,body_mass_kg,65.1,InBody
2026-02-09,2026-02-09 01:35:59 +0900,lean_body_mass_kg,46.5,InBody
2026-02-09,2026-02-09 10:48:12 +0900,bmi,22.9,InBody
2026-02-09,2026-02-09 10:48:12 +0900,body_fat_pct,28.9,InBody
2026-02-09,2026-02-09 10:48:12 +0900,body_mass_kg,64.7,InBody
2026-02-09,2026-02-09 10:48:12 +0900,lean_body_mass_kg,46.0,InBody
2026-02-09,2026-02-09 12:55:54 +0900,bmi,22.9,InBody
2026-02-09,2026-02-09 12:55:54 +0900,body_fat_pct,28.8,InBody
2026-02-09,2026-02-09 12:55:54 +0900,body_mass_kg,64.5,InBody
2026-02-09,2026-02-09 12:55:54 +0900,lean_body_mass_kg,45.9,InBody
2026-02-10,2026-02-10 08:51:18 +0900,bmi,22.7,InBody
2026-02-10,2026-02-10 08:51:18 +0900,body_fat_pct,30.1,InBody
2026-02-10,2026-02-10 08:51:18 +0900,body_mass_kg,64.2,InBody
2026-02-10,2026-02-10 08:51:18 +0900,lean_body_mass_kg,44.9,InBody
2026-02-12,2026-02-12 09:34:16 +0900,bmi,22.3,InBody
2026-02-12,2026-02-12 09:34:16 +0900,body_fat_pct,30.6,InBody
2026-02-12,2026-02-12 09:34:16 +0900,body_mass_kg,62.9,InBody
2026-02-12,2026-02-12 09:34:16 +0900,lean_body_mass_kg,43.7,InBody
2026-02-13,2026-02-13 09:53:16 +0900,bmi,22.3,InBody
2026-02-13,2026-02-13 09:53:16 +0900,body_fat_pct,29.3,InBody
2026-02-13,2026-02-13 09:53:16 +0900,body_mass_kg,62.8,InBody
2026-02-13,2026-02-13 09:53:16 +0900,lean_body_mass_kg,44.4,InBody
2026-02-27,2026-02-27 13:00:40 +0900,bmi,22.7,InBody
2026-02-27,2026-02-27 13:00:40 +0900,body_fat_pct,29.8,InBody
2026-02-27,2026-02-27 13:00:40 +0900,body_mass_kg,64.1,InBody
2026-02-27,2026-02-27 13:00:40 +0900,lean_body_mass_kg,45.0,InBody
2026-03-07,2026-03-07 06:07:39 +0900,bmi,22.5,InBody
2026-03-07,2026-03-07 06:07:39 +0900,body_fat_pct,31.6,InBody
2026-03-07,2026-03-07 06:07:39 +0900,body_mass_kg,63.5,InBody
2026-03-07,2026-03-07 06:07:39 +0900,lean_body_mass_kg,43.4,InBody
2026-03-16,2026-03-16 07:40:06 +0900,bmi,22.9,InBody
2026-03-16,2026-03-16 07:40:06 +0900,body_fat_pct,30.9,InBody
2026-03-16,2026-03-16 07:40:06 +0900,body_mass_kg,64.5,InBody
2026-03-16,2026-03-16 07:40:06 +0900,lean_body_mass_kg,44.6,InBody
2026-03-19,2026-03-19 07:35:17 +0900,bmi,22.6,InBody
2026-03-19,2026-03-19 07:35:17 +0900,body_fat_pct,29.3,InBody
2026-03-19,2026-03-19 07:35:17 +0900,body_mass_kg,63.9,InBody
2026-03-19,2026-03-19 07:35:17 +0900,lean_body_mass_kg,45.2,InBody
2026-03-21,2026-03-21 08:22:29 +0900,bmi,22.7,InBody
2026-03-21,2026-03-21 08:22:29 +0900,body_fat_pct,28.5,InBody
2026-03-21,2026-03-21 08:22:29 +0900,body_mass_kg,64.0,InBody
2026-03-21,2026-03-21 08:22:29 +0900,lean_body_mass_kg,45.8,InBody
2026-03-23,2026-03-23 08:29:33 +0900,bmi,23.0,InBody
2026-03-23,2026-03-23 08:29:33 +0900,body_fat_pct,29.4,InBody
2026-03-23,2026-03-23 08:29:33 +0900,body_mass_kg,64.8,InBody
2026-03-23,2026-03-23 08:29:33 +0900,lean_body_mass_kg,45.7,InBody
2026-03-26,2026-03-26 09:36:22 +0900,bmi,22.8,InBody
2026-03-26,2026-03-26 09:36:22 +0900,body_fat_pct,29.4,InBody
2026-03-26,2026-03-26 09:36:22 +0900,body_mass_kg,64.4,InBody
2026-03-26,2026-03-26 09:36:22 +0900,lean_body_mass_kg,45.5,InBody
2026-04-03,2026-04-03 08:49:01 +0900,bmi,22.9,InBody
2026-04-03,2026-04-03 08:49:01 +0900,body_fat_pct,30.4,InBody
2026-04-03,2026-04-03 08:49:01 +0900,body_mass_kg,64.7,InBody
2026-04-03,2026-04-03 08:49:01 +0900,lean_body_mass_kg,45.0,InBody
2026-04-07,2026-04-07 09:33:40 +0900,bmi,23.0,InBody
2026-04-07,2026-04-07 09:33:40 +0900,body_fat_pct,31.5,InBody
2026-04-07,2026-04-07 09:33:40 +0900,body_mass_kg,64.9,InBody
2026-04-07,2026-04-07 09:33:40 +0900,lean_body_mass_kg,44.5,InBody
2026-04-12,2026-04-12 10:26:13 +0900,bmi,22.9,InBody
2026-04-12,2026-04-12 10:26:13 +0900,body_fat_pct,30.1,InBody
2026-04-12,2026-04-12 10:26:13 +0900,body_mass_kg,64.7,InBody
2026-04-12,2026-04-12 10:26:13 +0900,lean_body_mass_kg,45.2,InBody
2026-04-13,2026-04-13 10:09:24 +0900,bmi,23.1,InBody
2026-04-13,2026-04-13 10:09:24 +0900,body_fat_pct,31.4,InBody
2026-04-13,2026-04-13 10:09:24 +0900,body_mass_kg,65.1,InBody
2026-04-13,2026-04-13 10:09:24 +0900,lean_body_mass_kg,44.7,InBody
2026-04-13,2026-04-13 10:10:26 +0900,bmi,23.1,InBody
2026-04-13,2026-04-13 10:10:26 +0900,body_fat_pct,31.4,InBody
2026-04-13,2026-04-13 10:10:26 +0900,body_mass_kg,65.2,InBody
2026-04-13,2026-04-13 10:10:26 +0900,lean_body_mass_kg,44.7,InBody
2026-04-23,2026-04-23 09:42:28 +0900,bmi,23.0,InBody
2026-04-23,2026-04-23 09:42:28 +0900,body_fat_pct,32.1,InBody
2026-04-23,2026-04-23 09:42:28 +0900,body_mass_kg,64.9,InBody
2026-04-23,2026-04-23 09:42:28 +0900,lean_body_mass_kg,44.1,InBody
2026-04-25,2026-04-25 10:36:22 +0900,bmi,22.8,InBody
2026-04-25,2026-04-25 10:36:22 +0900,body_fat_pct,30.5,InBody
2026-04-25,2026-04-25 10:36:22 +0900,body_mass_kg,64.4,InBody
2026-04-25,2026-04-25 10:36:22 +0900,lean_body_mass_kg,44.8,InBody
2026-04-30,2026-04-30 10:22:58 +0900,bmi,23.0,InBody
2026-04-30,2026-04-30 10:22:58 +0900,body_fat_pct,31.7,InBody
2026-04-30,2026-04-30 10:22:58 +0900,body_mass_kg,64.8,InBody
2026-04-30,2026-04-30 10:22:58 +0900,lean_body_mass_kg,44.3,InBody
2026-05-04,2026-05-04 11:51:00 +0900,bmi,22.8,InBody
2026-05-04,2026-05-04 11:51:00 +0900,body_fat_pct,31.3,InBody
2026-05-04,2026-05-04 11:51:00 +0900,body_mass_kg,64.4,InBody
2026-05-04,2026-05-04 11:51:00 +0900,lean_body_mass_kg,44.2,InBody
2026-05-19,2026-05-19 11:13:25 +0900,bmi,23.1,InBody
2026-05-19,2026-05-19 11:13:25 +0900,body_fat_pct,30.8,InBody
2026-05-19,2026-05-19 11:13:25 +0900,body_mass_kg,65.2,InBody
2026-05-19,2026-05-19 11:13:25 +0900,lean_body_mass_kg,45.1,InBody
2026-05-30,2026-05-30 10:43:02 +0900,bmi,23.0,InBody
2026-05-30,2026-05-30 10:43:02 +0900,body_fat_pct,30.3,InBody
2026-05-30,2026-05-30 10:43:02 +0900,body_mass_kg,65.0,InBody
2026-05-30,2026-05-30 10:43:02 +0900,lean_body_mass_kg,45.3,InBody
2026-06-01,2026-06-01 09:49:33 +0900,bmi,22.9,InBody
2026-06-01,2026-06-01 09:49:33 +0900,body_fat_pct,30.9,InBody
2026-06-01,2026-06-01 09:49:33 +0900,body_mass_kg,64.7,InBody
2026-06-01,2026-06-01 09:49:33 +0900,lean_body_mass_kg,44.7,InBody
2026-06-07,2026-06-07 10:49:26 +0900,bmi,23.1,InBody
2026-06-07,2026-06-07 10:49:26 +0900,body_fat_pct,30.7,InBody
2026-06-07,2026-06-07 10:49:26 +0900,body_mass_kg,65.3,InBody
2026-06-07,2026-06-07 10:49:26 +0900,lean_body_mass_kg,45.3,InBody
2026-06-11,2026-06-11 07:09:54 +0900,bmi,22.9,InBody
2026-06-11,2026-06-11 07:09:54 +0900,body_fat_pct,31.1,InBody
2026-06-11,2026-06-11 07:09:54 +0900,body_mass_kg,64.6,InBody
2026-06-11,2026-06-11 07:09:54 +0900,lean_body_mass_kg,44.5,InBody
2026-06-15,2026-06-15 10:42:37 +0900,bmi,22.9,InBody
2026-06-15,2026-06-15 10:42:37 +0900,body_fat_pct,30.0,InBody
2026-06-15,2026-06-15 10:42:37 +0900,body_mass_kg,64.7,InBody
2026-06-15,2026-06-15 10:42:37 +0900,lean_body_mass_kg,45.3,InBody
2026-06-22,2026-06-22 10:56:49 +0900,bmi,22.9,InBody
2026-06-22,2026-06-22 10:56:49 +0900,body_fat_pct,30.1,InBody
2026-06-22,2026-06-22 10:56:49 +0900,body_mass_kg,64.5,InBody
2026-06-22,2026-06-22 10:56:49 +0900,lean_body_mass_kg,45.1,InBody
2026-06-25,2026-06-25 07:44:39 +0900,bmi,22.9,InBody
2026-06-25,2026-06-25 07:44:39 +0900,body_fat_pct,29.1,InBody
2026-06-25,2026-06-25 07:44:39 +0900,body_mass_kg,64.5,InBody
2026-06-25,2026-06-25 07:44:39 +0900,lean_body_mass_kg,45.7,InBody
2026-06-26,2026-06-26 07:20:34 +0900,bmi,22.9,InBody
2026-06-26,2026-06-26 07:20:34 +0900,body_fat_pct,30.0,InBody
2026-06-26,2026-06-26 07:20:34 +0900,body_mass_kg,64.5,InBody
2026-06-26,2026-06-26 07:20:34 +0900,lean_body_mass_kg,45.1,InBody
2026-06-29,2026-06-29 09:43:01 +0900,bmi,22.7,InBody
2026-06-29,2026-06-29 09:43:01 +0900,body_fat_pct,29.9,InBody
2026-06-29,2026-06-29 09:43:01 +0900,body_mass_kg,64.1,InBody
2026-06-29,2026-06-29 09:43:01 +0900,lean_body_mass_kg,44.9,InBody
2026-06-30,2026-06-30 10:50:00 +0900,bmi,22.6,InBody
2026-06-30,2026-06-30 10:50:00 +0900,body_fat_pct,30.8,InBody
2026-06-30,2026-06-30 10:50:00 +0900,body_mass_kg,63.8,InBody
2026-06-30,2026-06-30 10:50:00 +0900,lean_body_mass_kg,44.1,InBody
2026-07-01,2026-07-01 07:39:00 +0900,bmi,22.7,InBody
2026-07-01,2026-07-01 07:39:00 +0900,body_fat_pct,30.2,InBody
2026-07-01,2026-07-01 07:39:00 +0900,body_mass_kg,64.2,InBody
2026-07-01,2026-07-01 07:39:00 +0900,lean_body_mass_kg,44.8,InBody
2026-07-02,2026-07-02 06:24:00 +0900,bmi,22.7,InBody
2026-07-02,2026-07-02 06:24:00 +0900,body_fat_pct,29.5,InBody
2026-07-02,2026-07-02 06:24:00 +0900,body_mass_kg,64.1,InBody
2026-07-02,2026-07-02 06:24:00 +0900,lean_body_mass_kg,45.2,InBody
2026-07-03,2026-07-03 10:06:00 +0900,bmi,22.7,InBody
2026-07-03,2026-07-03 10:06:00 +0900,body_fat_pct,29.0,InBody
2026-07-03,2026-07-03 10:06:00 +0900,body_mass_kg,64.1,InBody
2026-07-03,2026-07-03 10:06:00 +0900,lean_body_mass_kg,45.5,InBody
2026-07-04,2026-07-04 07:22:00 +0900,bmi,22.8,InBody
2026-07-04,2026-07-04 07:22:00 +0900,body_fat_pct,28.7,InBody
2026-07-04,2026-07-04 07:22:00 +0900,body_mass_kg,64.3,InBody
2026-07-04,2026-07-04 07:22:00 +0900,lean_body_mass_kg,45.8,InBody
2026-07-06,2026-07-06 07:20:00 +0900,bmi,22.5,InBody
2026-07-06,2026-07-06 07:20:00 +0900,body_fat_pct,29.1,InBody
2026-07-06,2026-07-06 07:20:00 +0900,body_mass_kg,63.6,InBody
2026-07-06,2026-07-06 07:20:00 +0900,lean_body_mass_kg,45.1,InBody
2026-07-07,2026-07-07 09:28:00 +0900,bmi,22.5,InBody
2026-07-07,2026-07-07 09:28:00 +0900,body_fat_pct,30.0,InBody
2026-07-07,2026-07-07 09:28:00 +0900,body_mass_kg,63.4,InBody
2026-07-07,2026-07-07 09:28:00 +0900,lean_body_mass_kg,44.4,InBody
2026-07-08,2026-07-08 09:34:00 +0900,bmi,22.4,InBody
2026-07-08,2026-07-08 09:34:00 +0900,body_fat_pct,29.4,InBody
2026-07-08,2026-07-08 09:34:00 +0900,body_mass_kg,63.2,InBody
2026-07-08,2026-07-08 09:34:00 +0900,lean_body_mass_kg,44.6,InBody
2026-07-09,2026-07-09 10:38:00 +0900,bmi,22.2,InBody
2026-07-09,2026-07-09 10:38:00 +0900,body_fat_pct,30.0,InBody
2026-07-09,2026-07-09 10:38:00 +0900,body_mass_kg,62.7,InBody
2026-07-09,2026-07-09 10:38:00 +0900,lean_body_mass_kg,43.9,InBody
2026-07-10,2026-07-10 10:39:00 +0900,bmi,22.3,InBody
2026-07-10,2026-07-10 10:39:00 +0900,body_fat_pct,29.8,InBody
2026-07-10,2026-07-10 10:39:00 +0900,body_mass_kg,62.8,InBody
2026-07-10,2026-07-10 10:39:00 +0900,lean_body_mass_kg,44.1,InBody
2026-07-11,2026-07-11 09:01:00 +0900,bmi,22.5,InBody
2026-07-11,2026-07-11 09:01:00 +0900,body_fat_pct,29.6,InBody
2026-07-11,2026-07-11 09:01:00 +0900,body_mass_kg,63.4,InBody
2026-07-11,2026-07-11 09:01:00 +0900,lean_body_mass_kg,44.6,InBody
2026-07-17,2026-07-17 11:08:00 +0900,bmi,22.6,InBody
2026-07-17,2026-07-17 11:08:00 +0900,body_fat_pct,29.4,InBody
2026-07-17,2026-07-17 11:08:00 +0900,body_mass_kg,63.7,InBody
2026-07-17,2026-07-17 11:08:00 +0900,lean_body_mass_kg,45.0,InBody
2026-07-18,2026-07-18 10:17:00 +0900,bmi,22.6,InBody
2026-07-18,2026-07-18 10:17:00 +0900,body_fat_pct,29.3,InBody
2026-07-18,2026-07-18 10:17:00 +0900,body_mass_kg,63.8,InBody
2026-07-18,2026-07-18 10:17:00 +0900,lean_body_mass_kg,45.1,InBody
2026-07-20,2026-07-20 10:22:00 +0900,bmi,22.8,InBody
2026-07-20,2026-07-20 10:22:00 +0900,body_fat_pct,29.3,InBody
2026-07-20,2026-07-20 10:22:00 +0900,body_mass_kg,64.4,InBody
2026-07-20,2026-07-20 10:22:00 +0900,lean_body_mass_kg,45.5,InBody
2026-07-21,2026-07-21 09:44:00 +0900,bmi,22.8,InBody
2026-07-21,2026-07-21 09:44:00 +0900,body_fat_pct,28.5,InBody
2026-07-21,2026-07-21 09:44:00 +0900,body_mass_kg,64.4,InBody
2026-07-21,2026-07-21 09:44:00 +0900,lean_body_mass_kg,46.0,InBody
2026-07-22,2026-07-22 08:56:00 +0900,bmi,22.9,InBody
2026-07-22,2026-07-22 08:56:00 +0900,body_fat_pct,28.4,InBody
2026-07-22,2026-07-22 08:56:00 +0900,body_mass_kg,64.5,InBody
2026-07-22,2026-07-22 08:56:00 +0900,lean_body_mass_kg,46.2,InBody
2026-07-23,2026-07-23 08:56:00 +0900,bmi,22.6,InBody
2026-07-23,2026-07-23 08:56:00 +0900,body_fat_pct,29.5,InBody
2026-07-23,2026-07-23 08:56:00 +0900,body_mass_kg,63.9,InBody
2026-07-23,2026-07-23 08:56:00 +0900,lean_body_mass_kg,45.0,InBody
2026-07-24,2026-07-24 09:17:00 +0900,bmi,22.5,InBody
2026-07-24,2026-07-24 09:17:00 +0900,body_fat_pct,29.7,InBody
2026-07-24,2026-07-24 09:17:00 +0900,body_mass_kg,63.5,InBody
2026-07-24,2026-07-24 09:17:00 +0900,lean_body_mass_kg,44.6,InBody
2026-07-25,2026-07-25 11:56:00 +0900,bmi,22.3,InBody
2026-07-25,2026-07-25 11:56:00 +0900,body_fat_pct,29.1,InBody
2026-07-25,2026-07-25 11:56:00 +0900,body_mass_kg,62.8,InBody
2026-07-25,2026-07-25 11:56:00 +0900,lean_body_mass_kg,44.5,InBody
2026-07-28,2026-07-28 10:46:00 +0900,bmi,22.5,InBody
2026-07-28,2026-07-28 10:46:00 +0900,body_fat_pct,28.7,InBody
2026-07-28,2026-07-28 10:46:00 +0900,body_mass_kg,63.5,InBody
2026-07-28,2026-07-28 10:46:00 +0900,lean_body_mass_kg,45.3,InBody
2026-07-29,2026-07-29 10:50:00 +0900,bmi,22.5,InBody
2026-07-29,2026-07-29 10:50:00 +0900,body_fat_pct,29.0,InBody
2026-07-29,2026-07-29 10:50:00 +0900,body_mass_kg,63.6,InBody
2026-07-29,2026-07-29 10:50:00 +0900,lean_body_mass_kg,45.2,InBody
2026-07-30,2026-07-30 06:09:00 +0900,bmi,22.7,InBody
2026-07-30,2026-07-30 06:09:00 +0900,body_fat_pct,29.4,InBody
2026-07-30,2026-07-30 06:09:00 +0900,body_mass_kg,64.0,InBody
2026-07-30,2026-07-30 06:09:00 +0900,lean_body_mass_kg,45.2,InBody
2026-08-01,2026-08-01 09:32:00 +0900,bmi,22.7,InBody
2026-08-01,2026-08-01 09:32:00 +0900,body_fat_pct,28.4,InBody
2026-08-01,2026-08-01 09:32:00 +0900,body_mass_kg,64.2,InBody
2026-08-01,2026-08-01 09:32:00 +0900,lean_body_mass_kg,46.0,InBody
2026-08-02,2026-08-02 07:29:00 +0900,bmi,22.6,InBody
2026-08-02,2026-08-02 07:29:00 +0900,body_fat_pct,28.9,InBody
2026-08-02,2026-08-02 07:29:00 +0900,body_mass_kg,63.9,InBody
2026-08-02,2026-08-02 07:29:00 +0900,lean_body_mass_kg,45.4,InBody
2026-08-03,2026-08-03 11:32:00 +0900,bmi,22.7,InBody
2026-08-03,2026-08-03 11:32:00 +0900,body_fat_pct,29.5,InBody
2026-08-03,2026-08-03 11:32:00 +0900,body_mass_kg,64.1,InBody
2026-08-03,2026-08-03 11:32:00 +0900,lean_body_mass_kg,45.2,InBody
2026-08-04,2026-08-04 10:28:00 +0900,bmi,22.6,InBody
2026-08-04,2026-08-04 10:28:00 +0900,body_fat_pct,29.7,InBody
2026-08-04,2026-08-04 10:28:00 +0900,body_mass_kg,63.8,InBody
2026-08-04,2026-08-04 10:28:00 +0900,lean_body_mass_kg,44.9,InBody
2026-08-05,2026-08-05 06:27:00 +0900,bmi,22.6,InBody
2026-08-05,2026-08-05 06:27:00 +0900,body_fat_pct,29.0,InBody
2026-08-05,2026-08-05 06:27:00 +0900,body_mass_kg,63.8,InBody
2026-08-05,2026-08-05 06:27:00 +0900,lean_body_mass_kg,45.3,InBody
